Year,Code,Location Name,Jan,Feb,Mar,Apr,May,Jun,Jul,Aug,Sep,Oct,Nov,Dec,Total
2013,116,BIG CR (CLATSOP CO),47,0,0,0,0,0,0,0,0,0,9,80,136
2013,116,BIG CR (CLATSOP CO),0,0,0,0,0,0,0,0,0,0,0,0,0
2013,122,CLACKAMAS R BELOW CARVER BRIDGE,146,339,769,109,31,5,0,0,0,0,11,64,1474
2013,122,CLACKAMAS R BELOW CARVER BRIDGE,0,0,40,47,58,89,61,9,38,5,3,2,352
2013,123,CLATSKANIE R,0,0,5,0,0,0,0,0,0,0,0,9,14
2013,123,CLATSKANIE R,0,0,0,0,0,0,0,0,0,0,0,0,0
2013,131,DESCHUTES R BELOW SHERAR FALLS,0,0,0,0,0,0,0,0,0,0,0,0,0
2013,131,DESCHUTES R BELOW SHERAR FALLS,9,24,5,5,0,0,155,927,1567,739,127,85,3643
2013,132,EAGLE CR (CLACK R),9,24,14,0,0,5,5,0,0,0,0,5,61
2013,132,EAGLE CR (CLACK R),0,0,0,0,0,0,0,0,0,0,0,0,0
2013,133,EAGLE CR (COLUMBIA R),0,0,0,0,0,0,0,0,0,0,0,5,5
2013,133,EAGLE CR (COLUMBIA R),0,0,0,0,0,0,0,9,9,0,0,0,19
2013,134,FALL CR (WILLAMETTE R),0,0,0,0,0,0,0,0,0,0,0,0,0
2013,134,FALL CR (WILLAMETTE R),0,0,5,0,0,0,0,0,0,0,0,0,5
2013,138,GNAT CR,14,0,0,0,0,0,0,0,0,0,0,19,33
2013,138,GNAT CR,0,0,0,0,0,0,0,0,0,5,0,0,5
2013,140,HERMAN CR (COL R),0,0,0,0,0,0,0,0,0,0,0,0,0
2013,140,HERMAN CR (COL R),0,0,0,0,0,0,9,47,5,0,0,0,61
2013,144,IMNAHA R,0,0,0,0,0,0,0,0,0,0,0,0,0
2013,144,IMNAHA R,0,9,33,5,0,0,0,0,19,113,33,0,212
2013,146,MID FK JOHN DAY,0,0,0,0,0,0,0,0,0,0,0,0,0
2013,146,MID FK JOHN DAY,0,9,0,14,0,0,0,0,0,0,5,5,33
2013,151,KLASKANINE R,5,0,0,0,0,0,0,0,0,0,0,5,9
2013,151,KLASKANINE R,0,0,0,0,0,0,0,0,33,5,0,0,38
2013,152,N FK KLASKANINE,19,0,0,0,0,0,0,0,0,0,0,42,61
2013,152,N FK KLASKANINE,0,0,0,0,0,0,0,0,0,0,0,0,0
2013,154,LEWIS & CLARK R,0,0,0,0,0,0,0,0,0,0,0,0,0
2013,154,LEWIS & CLARK R,0,0,0,0,0,0,0,0,5,0,0,0,5
2013,155,MCKENZIE R (BELOW LEABURG DAM),0,0,0,0,0,0,0,0,0,0,0,0,0
2013,155,MCKENZIE R (BELOW LEABURG DAM),9,0,9,104,249,560,334,42,104,75,52,14,1553
2013,156,LUCKIAMUTE & LITTLE LUCKIAMUTE R,0,0,0,0,0,0,0,0,0,0,0,0,0
2013,156,LUCKIAMUTE & LITTLE LUCKIAMUTE R,0,0,0,0,0,0,0,0,0,0,0,0,0
2013,157,MARYS R,0,0,0,0,0,0,0,0,0,0,0,5,5
2013,157,MARYS R,0,0,0,0,0,0,0,0,0,0,0,0,0
2013,158,MCKENZIE R (ABOVE LEABURG DAM),0,0,0,0,0,0,0,0,0,0,0,0,0
2013,158,MCKENZIE R (ABOVE LEABURG DAM),0,0,0,0,0,14,5,9,19,0,0,0,47
2013,164,MOLALLA R,0,2,2,0,0,0,0,0,0,0,0,0,4
2013,164,MOLALLA R,0,3,8,0,0,0,0,0,0,0,0,0,10
2013,165,RICKREALL CR,0,0,0,0,0,0,0,0,0,0,0,0,0
2013,165,RICKREALL CR,0,0,0,0,0,0,0,0,0,0,0,0,0
2013,168,SANDY R FROM MOUTH TO REVENUE BRIDGE,682,875,590,102,45,5,0,0,0,0,4,141,2445
2013,168,SANDY R FROM MOUTH TO REVENUE BRIDGE,0,0,31,25,68,98,14,0,24,0,1,0,261
2013,169,SANTIAM R,2,1,15,6,1,0,0,0,0,0,0,0,25
2013,169,SANTIAM R,17,8,4,8,22,28,19,0,0,0,0,5,111
2013,170,N FK SANTIAM,6,7,11,4,3,0,0,0,0,0,0,0,32
2013,170,N FK SANTIAM,55,59,3,5,63,127,75,24,28,38,28,5,510
2013,171,LITTLE N FK SANTIAM,0,0,0,0,0,0,0,0,0,0,0,0,0
2013,171,LITTLE N FK SANTIAM,0,9,0,5,5,0,0,5,0,19,0,5,47
2013,172,S FK SANTIAM,0,0,3,13,0,0,0,0,0,0,0,0,16
2013,172,S FK SANTIAM,5,0,25,119,504,795,395,99,28,42,24,5,2041
2013,176,SNAKE R,0,0,0,0,0,0,0,0,0,0,0,0,0
2013,176,SNAKE R,226,108,212,66,0,0,0,0,14,132,235,113,1106
2013,178,TANNER CR,0,0,0,0,0,0,0,0,0,0,4,0,4
2013,178,TANNER CR,0,0,0,0,0,0,9,0,0,0,0,0,10
2013,181,UMATILLA R,0,0,0,0,0,0,0,0,0,0,0,0,0
2013,181,UMATILLA R,0,0,5,0,0,0,0,0,0,5,0,0,9
2013,182,WALLA WALLA R,0,0,0,0,0,0,0,0,0,0,0,0,0
2013,182,WALLA WALLA R,0,0,0,0,0,0,0,0,0,0,0,0,0
2013,185,WILLAMETTE R & SLOUGH BELOW OR CITY FLLS,47,198,292,150,16,0,0,0,0,0,0,42,746
2013,185,WILLAMETTE R & SLOUGH BELOW OR CITY FLLS,0,0,52,184,309,42,24,56,19,0,0,0,685
2013,186,WILLAMETTE R ABOVE OR CITY FALLS,5,28,113,105,34,0,0,0,0,0,0,0,285
2013,186,WILLAMETTE R ABOVE OR CITY FALLS,0,0,0,45,102,184,104,104,174,42,14,0,769
2013,187,ALTON BAKER CANOE CANAL,0,0,0,0,0,0,0,0,0,0,0,0,0
2013,187,ALTON BAKER CANOE CANAL,0,0,5,0,0,0,0,0,0,0,0,5,9
2013,188,MID FK WILL,0,0,0,0,0,0,0,0,0,0,0,0,0
2013,188,MID FK WILL,0,28,61,118,202,527,249,226,292,160,122,24,2010
2013,203,DESCHUTES R ABOVE SHERAR FALLS,0,0,0,0,0,0,0,0,0,0,0,0,0
2013,203,DESCHUTES R ABOVE SHERAR FALLS,14,0,0,0,0,0,0,24,85,165,169,33,490
2013,205,SANDY R FROM REVENUE BRIDGE TO SALMON R,24,47,9,4,0,0,0,0,0,0,3,0,87
2013,205,SANDY R FROM REVENUE BRIDGE TO SALMON R,0,0,0,1,4,9,14,5,5,0,7,0,45
2013,208,JOHN DAY ARM,0,0,0,0,0,0,0,0,0,0,0,0,0
2013,208,JOHN DAY ARM,0,0,5,0,0,0,0,0,0,118,122,19,264
2013,210,COAST FK WILL,0,0,0,0,0,0,0,0,0,0,0,0,0
2013,210,COAST FK WILL,0,0,0,0,0,0,0,0,5,0,0,5,9
2013,211,"COLUMBIA R MAINSTEM--BUOY
10 TO TONGUE PT",5,9,0,2,0,0,0,0,0,0,0,0,16
2013,211,"COLUMBIA R MAINSTEM--BUOY
10 TO TONGUE PT",0,0,0,3,0,19,9,71,14,0,0,0,116
2013,212,"COLUMBIA R MAINSTEM--
TONGUE PT TO LONGVIEW BRIDGE",5,14,93,0,0,0,0,0,0,0,0,9,121
2013,212,"COLUMBIA R MAINSTEM--
TONGUE PT TO LONGVIEW BRIDGE",0,0,10,0,329,452,235,184,42,0,0,0,1253
2013,213,"COLUMBIA R MAINSTEM--
LONGVIEW BRIDGE TO I-5
BRIDGE",14,56,169,31,0,0,0,0,0,0,5,19,294
2013,213,"COLUMBIA R MAINSTEM--
LONGVIEW BRIDGE TO I-5
BRIDGE",0,0,19,31,151,254,395,617,33,5,0,0,1504
2013,214,"COLUMBIA R MAINSTEM--I-5
BRIDGE TO BONNEVILLE DAM",5,0,13,2,0,0,0,0,0,0,0,0,20
2013,214,"COLUMBIA R MAINSTEM--I-5
BRIDGE TO BONNEVILLE DAM",0,0,1,2,0,9,353,664,19,5,0,0,1053
2013,215,"COLUMBIA R MAINSTEM--
BONNEVILLE DAM TO THE DALLES",1,1,4,2,0,0,0,0,0,0,0,0,9
2013,215,"COLUMBIA R MAINSTEM--
BONNEVILLE DAM TO THE DALLES",8,3,0,2,0,0,85,457,28,24,5,4,617
2013,216,"COLUMBIA R MAINSTEM--THE
DALLES DAM TO JOHN DAY DAM",0,0,0,0,0,0,0,0,0,0,0,0,0
2013,216,"COLUMBIA R MAINSTEM--THE
DALLES DAM TO JOHN DAY DAM",19,9,19,0,0,5,9,221,80,52,9,5,428
2013,217,"COLUMBIA R MAINSTEM--JOHN
DAY DAM TO MCNARY DAM",0,0,0,0,0,0,0,0,0,0,0,0,0
2013,217,"COLUMBIA R MAINSTEM--JOHN
DAY DAM TO MCNARY DAM",9,5,24,28,0,5,9,47,71,75,24,19,315
2013,218,"COLUMBIA R MAINSTEM--
MCNARY DAM TO STATELINE",0,0,0,0,0,0,0,0,0,0,0,0,0
2013,218,"COLUMBIA R MAINSTEM--
MCNARY DAM TO STATELINE",42,5,9,0,0,0,0,14,33,574,108,24,810
2013,221,ROW R,0,0,0,0,0,0,0,0,0,0,0,0,0
2013,221,ROW R,5,0,0,0,0,0,5,0,0,5,0,0,14
2013,229,HOOD R,17,54,144,42,11,0,0,0,0,0,0,2,270
2013,229,HOOD R,25,3,16,127,26,5,0,0,0,14,14,3,233
2013,231,GRANDE RONDE R FROM STATELINE TO WILDCAT BRIDGE,0,0,0,0,0,0,0,0,0,0,0,0,0
2013,231,"GRANDE RONDE R FROM
STATELINE TO WILDCAT BRIDGE",28,264,19,0,0,0,0,0,0,249,151,99,810
2013,232,GRANDE RONDE R FROM WILDCAT BRIDGE TO ISLAND CITY BRIDGE,0,0,0,0,0,0,0,0,0,0,0,0,0
2013,232,"GRANDE RONDE R FROM
WILDCAT BRIDGE TO ISLAND CITY BR",5,108,174,5,0,0,0,0,0,19,5,14,329
2013,233,GRANDE RONDE R ABOVE ISLAND CITY BRIDGE,0,0,0,0,0,0,0,0,0,0,0,0,0
2013,233,GRANDE RONDE R ABOVE ISLAND CITY BRIDGE,0,5,5,0,0,0,0,0,0,0,0,0,9
2013,234,WALLOWA R MOUTH TO MINAM STATE PARK,0,0,0,0,0,0,0,0,0,0,0,0,0
2013,234,WALLOWA R MOUTH TO MINAM STATE PARK,42,678,1125,38,0,0,0,0,0,5,24,0,1911
2013,235,WALLOWA R ABOVE MINAM STATE PARK,0,0,0,0,0,0,0,0,0,0,0,0,0
2013,235,WALLOWA R ABOVE MINAM STATE PARK,38,226,946,56,0,0,0,0,0,5,5,5,1280
2013,236,UMATILLA R BELOW THREE- MILE DAM,0,0,0,0,0,0,0,0,0,0,0,0,0
2013,236,UMATILLA R BELOW THREE- MILE DAM,28,14,9,0,0,0,0,0,5,28,28,42,155
2013,237,UMATILLA R ABOVE NOLIN,0,0,0,0,0,0,0,0,0,0,0,0,0
2013,237,UMATILLA R ABOVE NOLIN,14,52,33,0,0,0,9,0,0,0,0,14,122
2013,238,JOHN DAY R BELOW COTTONWOOD BRIDGE,0,0,0,0,0,0,0,0,0,0,0,0,0
2013,238,JOHN DAY R BELOW COTTONWOOD BRIDGE,0,0,0,0,0,0,0,0,0,61,75,9,146
2013,239,JOHN DAY R ABOVE COTTONWOOD BRIDGE,0,0,0,0,0,0,0,0,0,0,0,0,0
2013,239,JOHN DAY R ABOVE COTTONWOOD BRIDGE,0,0,9,0,0,0,0,0,0,0,9,0,19
2013,241,LOOKINGGLASS CR,0,0,0,0,0,0,0,0,0,0,0,0,0
2013,241,LOOKINGGLASS CR,0,0,0,0,0,0,0,0,0,5,0,0,5
2013,242,POWDER R,0,0,0,0,0,0,0,0,0,0,0,0,0
2013,242,POWDER R,0,0,5,0,0,0,0,0,0,0,0,0,5
2013,243,UMATILLA R THREE-MILE DAM TO NOLIN,0,0,0,0,0,0,0,0,0,0,0,0,0
2013,243,UMATILLA R THREE-MILE DAM TO NOLIN,14,47,14,0,0,0,0,0,5,5,9,14,108
2013,244,SANDY R ABOVE SALMON R,0,0,0,15,0,0,0,0,0,0,0,0,15
2013,244,SANDY R ABOVE SALMON R,0,0,0,4,0,0,0,0,0,0,0,0,4
2013,245,"CLACK R., CARVER BR. TO BAKERS FERRY RD",33,165,340,152,20,5,0,0,0,0,11,46,771
2013,245,"CLACK R., CARVER BR. TO BAKERS FERRY RD",0,0,18,65,37,94,14,5,33,14,3,1,284
2013,246,"CLACK R, BAKERS FERRY RD TO RVR MILL DAM",28,122,246,82,51,15,0,0,0,0,41,46,632
2013,246,"CLACK R, BAKERS FERRY RD TO RVR MILL DAM",0,0,13,35,95,291,212,146,151,89,10,1,1043
2013,247,"CLACK R, RIVER MILL DAM TO CAZADERO DAM",0,19,170,69,38,8,0,0,0,0,4,0,308
2013,247,"CLACK R, RIVER MILL DAM TO CAZADERO DAM",0,0,9,30,70,157,56,28,24,19,1,0,393
2014,116,BIG CR (CLATSOP CO),80,16,5,0,0,0,0,0,0,0,21,112,235
2014,116,BIG CR (CLATSOP CO),0,0,0,0,0,0,0,5,0,0,0,0,5
2014,120,CATHERINE CR,0,0,0,0,0,0,0,0,0,0,0,0,0
2014,120,CATHERINE CR,0,0,0,0,0,0,0,0,0,0,0,0,0
2014,122,"CLACKAMAS R BELOW CARVER
BRIDGE",123,133,203,60,22,9,0,0,0,0,21,62,633
2014,122,"CLACKAMAS R BELOW CARVER
BRIDGE",0,0,11,26,42,177,181,27,80,32,5,2,582
2014,131,"DESCHUTES R BELOW SHERAR
FALLS",0,0,0,0,0,0,0,0,0,0,0,0,0
2014,131,"DESCHUTES R BELOW SHERAR
FALLS",21,11,0,5,0,21,443,1653,3076,1344,128,91,6793
2014,132,EAGLE CR (CLACK R),37,27,27,5,0,0,0,0,0,5,0,11,112
2014,132,EAGLE CR (CLACK R),0,0,0,0,0,0,0,0,0,0,0,0,0
2014,133,EAGLE CR (COLUMBIA R),5,0,0,0,0,0,0,0,0,0,0,5,10
2014,133,EAGLE CR (COLUMBIA R),0,0,0,0,0,0,11,21,0,0,0,0,32
2014,134,FALL CR (WILLAMETTE R),0,0,0,0,0,0,0,0,0,0,0,0,0
2014,134,FALL CR (WILLAMETTE R),0,0,0,0,0,0,0,5,0,0,0,0,5
2014,135,FIFTEEN MILE CR,0,0,0,0,0,0,0,0,0,0,0,0,0
2014,135,FIFTEEN MILE CR,0,0,0,0,0,0,0,0,0,0,0,0,0
2014,138,GNAT CR,107,0,0,0,0,0,0,0,0,0,5,80,192
2014,138,GNAT CR,0,0,0,0,0,0,0,0,0,5,0,0,5
2014,140,HERMAN CR (COL R),0,0,0,0,0,0,0,0,0,0,0,0,0
2014,140,HERMAN CR (COL R),0,0,0,0,0,0,0,32,21,11,0,0,64
2014,144,IMNAHA R,0,0,0,0,0,0,0,0,0,0,0,0,0
2014,144,IMNAHA R,5,32,149,48,0,0,0,0,11,197,21,96,560
2014,145,JOHN DAY R,0,0,0,0,0,0,0,0,0,0,0,0,0
2014,145,JOHN DAY R,0,0,0,0,0,0,0,0,0,11,0,0,11
2014,146,MID FK JOHN DAY,0,0,0,0,0,0,0,0,0,0,0,0,0
2014,146,MID FK JOHN DAY,0,0,0,0,0,0,0,0,0,0,11,0,11
2014,147,N FK JOHN DAY,0,0,0,0,0,0,0,0,0,0,0,0,0
2014,147,N FK JOHN DAY,0,0,5,0,0,0,0,0,0,0,0,0,5
2014,148,JOHNSON CR (WILL R),0,0,0,0,0,11,0,0,0,0,0,0,11
2014,148,JOHNSON CR (WILL R),0,0,0,0,0,0,0,0,0,0,0,0,0
2014,149,"BIG SHEEP CR, MOUTH TO
LITTLE SHEEP CR",0,0,0,0,0,0,0,0,0,0,0,0,0
2014,149,"BIG SHEEP CR, MOUTH TO
LITTLE SHEEP CR",0,0,5,32,0,0,0,0,0,0,0,0,37
2014,150,KNAPPA/BLIND SLOUGHS,0,0,0,0,0,0,0,0,0,0,0,0,0
2014,150,KNAPPA/BLIND SLOUGHS,0,0,0,0,0,0,0,5,0,0,0,0,5
2014,151,KLASKANINE R,5,0,0,0,0,0,0,0,0,0,0,0,5
2014,151,KLASKANINE R,0,0,0,0,0,5,0,0,0,0,0,0,5
2014,152,N FK KLASKANINE,16,0,0,0,0,0,0,0,0,0,0,107,123
2014,152,N FK KLASKANINE,0,0,0,0,0,0,0,5,0,0,0,0,5
2014,153,S FK KLASKANINE,0,0,0,0,0,0,0,0,0,0,0,5,5
2014,153,S FK KLASKANINE,0,0,0,0,0,0,0,0,0,0,0,0,0
2014,154,LEWIS & CLARK R,0,0,0,0,0,0,0,0,0,0,0,0,0
2014,154,LEWIS & CLARK R,0,0,0,0,0,0,0,0,21,0,0,0,21
2014,155,"MCKENZIE R (BELOW LEABURG
DAM)",0,0,0,0,0,0,0,0,0,0,0,0,0
2014,155,"MCKENZIE R (BELOW LEABURG
DAM)",11,5,5,21,256,634,411,187,325,416,181,21,2474
2014,156,"LUCKIAMUTE & LITTLE
LUCKIAMUTE R",0,0,0,0,0,0,0,0,0,0,0,5,5
2014,156,"LUCKIAMUTE & LITTLE
LUCKIAMUTE R",0,0,0,0,0,0,0,0,0,0,0,0,0
2014,157,MARYS R,0,0,0,0,0,0,0,0,0,0,0,0,0
2014,157,MARYS R,0,0,0,0,0,0,0,0,0,0,0,0,0
2014,158,MCKENZIE R (ABOVE LEABURG DAM),0,0,0,0,0,0,0,0,0,0,0,0,0
2014,158,MCKENZIE R (ABOVE LEABURG DAM),0,0,0,0,0,16,11,16,16,0,0,0,59
2014,164,MOLALLA R,0,0,2,1,0,0,0,0,0,0,0,1,4
2014,164,MOLALLA R,0,0,9,4,0,0,0,0,0,0,0,5,17
2014,165,RICKREALL CR,0,0,0,0,0,0,0,0,0,0,0,0,0
2014,165,RICKREALL CR,0,0,0,0,0,0,0,0,0,0,0,0,0
2014,166,PUDDING R,0,0,0,0,0,0,0,0,0,0,0,0,0
2014,166,PUDDING R,0,5,0,0,0,0,0,0,0,0,0,0,5
2014,168,"SANDY R FROM MOUTH TO
REVENUE BRIDGE",320,219,274,60,77,10,0,0,0,0,13,85,1056
2014,168,"SANDY R FROM MOUTH TO
REVENUE BRIDGE",0,0,14,15,115,182,187,96,96,96,3,0,805
2014,169,SANTIAM R,1,2,9,10,2,0,0,0,0,0,0,0,22
2014,169,SANTIAM R,5,14,2,12,30,32,5,16,5,16,0,0,138
2014,170,N FK SANTIAM,1,1,4,10,6,0,0,0,0,0,0,0,22
2014,170,N FK SANTIAM,10,10,1,12,106,405,304,149,224,80,69,21,1391
2014,171,LITTLE N FK SANTIAM,0,0,0,0,0,0,0,0,0,0,0,0,0
2014,171,LITTLE N FK SANTIAM,0,5,0,0,0,0,0,0,0,11,5,5,27
2014,172,S FK SANTIAM,0,0,0,3,0,0,0,0,0,0,0,0,3
2014,172,S FK SANTIAM,5,0,0,24,256,837,981,213,283,229,16,0,2845
2014,176,SNAKE R,0,0,0,0,0,0,0,0,0,0,0,0,0
2014,176,SNAKE R,69,32,176,27,0,0,0,0,0,123,43,267,736
2014,178,TANNER CR,0,0,0,0,0,0,0,0,0,0,0,0,0
2014,178,TANNER CR,0,0,0,0,0,0,27,96,0,0,0,0,123
2014,180,TUALATIN R,0,0,5,0,0,0,0,0,0,0,0,0,5
2014,180,TUALATIN R,0,0,0,0,0,0,0,0,0,0,0,0,0
2014,181,UMATILLA R,0,0,0,0,0,0,0,0,0,0,0,0,0
2014,181,UMATILLA R,0,0,0,0,0,0,0,0,11,0,0,0,11
2014,184,WENAHA R,0,0,0,0,0,0,0,0,0,0,0,0,0
2014,184,WENAHA R,0,0,5,0,0,0,0,0,0,59,0,0,64
2014,185,"WILLAMETTE R & SLOUGH
BELOW OR CITY FLLS",48,91,190,113,17,0,0,0,0,0,5,37,502
2014,185,"WILLAMETTE R & SLOUGH
BELOW OR CITY FLLS",0,0,34,138,329,91,85,69,53,11,0,0,810
2014,186,"WILLAMETTE R ABOVE OR CITY
FALLS",11,0,16,30,87,0,0,0,0,0,0,3,146
2014,186,"WILLAMETTE R ABOVE OR CITY
FALLS",0,0,0,13,260,235,160,149,224,144,11,3,1198
2014,187,ALTON BAKER CANOE CANAL,0,0,0,0,0,0,0,0,0,0,0,0,0
2014,187,ALTON BAKER CANOE CANAL,0,0,0,0,0,0,0,11,0,11,27,0,48
2014,188,MID FK WILL,0,0,0,0,0,0,0,0,0,0,0,0,0
2014,188,MID FK WILL,5,0,5,69,160,789,901,459,762,618,464,43,4276
2014,203,"DESCHUTES R ABOVE SHERAR
FALLS",0,0,0,0,0,0,0,0,0,0,0,0,0
2014,203,"DESCHUTES R ABOVE SHERAR
FALLS",0,0,0,0,0,0,0,48,133,277,160,59,677
2014,204,"NEHALEM R ABOVE HWY
26/ELSIE",0,5,0,0,0,0,0,0,0,0,0,0,5
2014,204,"NEHALEM R ABOVE HWY
26/ELSIE",0,0,0,0,0,0,0,0,0,0,0,0,0
2014,205,"SANDY R FROM REVENUE
BRIDGE TO SALMON R",11,11,21,17,1,0,0,0,0,0,3,0,64
2014,205,"SANDY R FROM REVENUE
BRIDGE TO SALMON R",0,0,0,5,15,48,16,5,11,11,8,0,118
2014,208,JOHN DAY ARM,0,0,0,0,0,0,0,0,0,0,0,0,0
2014,208,JOHN DAY ARM,0,5,0,0,0,0,0,0,0,27,75,37,144
2014,209,L FALL CR (WILLAMETTE),0,0,0,0,0,0,0,0,0,0,0,0,0
2014,209,L FALL CR (WILLAMETTE),5,0,0,0,0,0,0,0,0,0,0,0,5
2014,210,COAST FK WILL,0,0,0,0,0,0,0,0,0,0,0,0,0
2014,210,COAST FK WILL,0,0,11,0,0,5,0,5,0,0,0,0,21
2014,211,"COLUMBIA R MAINSTEM--BUOY
10 TO TONGUE PT",0,11,5,2,0,0,0,0,0,0,0,0,18
2014,211,"COLUMBIA R MAINSTEM--BUOY
10 TO TONGUE PT",0,0,0,3,5,32,43,395,53,21,0,0,552
2014,212,COLUMBIA R MAINSTEM-- TONGUE PT TO LONGVIEW BRIDGE,11,11,86,0,0,0,0,0,0,0,0,0,108
2014,212,COLUMBIA R MAINSTEM-- TONGUE PT TO LONGVIEW BRIDGE,0,0,10,0,304,1168,555,128,11,0,0,0,2174
2014,213,"COLUMBIA R MAINSTEM-- LONGVIEW BRIDGE TO I-5
BRIDGE",32,16,110,48,0,0,0,0,0,0,11,21,238
2014,213,"COLUMBIA R MAINSTEM-- LONGVIEW BRIDGE TO I-5
BRIDGE",0,0,12,48,165,213,629,602,139,32,0,0,1841
2014,214,"COLUMBIA R MAINSTEM--I-5
BRIDGE TO BONNEVILLE DAM",0,11,5,0,0,0,0,0,0,0,0,0,15
2014,214,"COLUMBIA R MAINSTEM--I-5
BRIDGE TO BONNEVILLE DAM",0,0,1,0,16,48,597,677,69,27,0,0,1435
2014,215,COLUMBIA R MAINSTEM-- BONNEVILLE DAM TO THE DALLES,1,0,10,0,0,0,0,0,0,0,0,1,11
2014,215,COLUMBIA R MAINSTEM-- BONNEVILLE DAM TO THE DALLES,5,0,1,0,0,5,48,565,69,53,16,15,778
2014,216,COLUMBIA R MAINSTEM--THE DALLES DAM TO JOHN DAY DAM,0,0,0,5,0,0,0,0,0,0,0,0,5
2014,216,COLUMBIA R MAINSTEM--THE DALLES DAM TO JOHN DAY DAM,11,5,0,5,0,5,171,283,139,91,11,64,784
2014,217,COLUMBIA R MAINSTEM--JOHN DAY DAM TO MCNARY DAM,0,0,0,0,0,0,0,0,0,0,0,0,0
2014,217,COLUMBIA R MAINSTEM--JOHN DAY DAM TO MCNARY DAM,11,11,11,5,0,5,37,59,16,43,59,59,315
2014,218,COLUMBIA R MAINSTEM-- MCNARY DAM TO STATELINE,0,0,0,0,0,0,0,0,0,0,0,0,0
2014,218,COLUMBIA R MAINSTEM-- MCNARY DAM TO STATELINE,16,0,5,0,0,0,27,11,267,389,181,112,1008
2014,221,ROW R,0,0,0,0,0,0,0,0,0,0,0,0,0
2014,221,ROW R,0,0,0,0,5,5,5,0,0,0,0,0,16
2014,229,HOOD R,2,30,82,9,5,0,0,0,0,0,0,19,147
2014,229,HOOD R,3,2,9,28,11,0,0,5,11,16,5,29,119
2014,231,"GRANDE RONDE R FROM
STATELINE TO WILDCAT BRIDGE",0,0,0,0,0,0,0,0,0,0,0,0,0
2014,231,"GRANDE RONDE R FROM
STATELINE TO WILDCAT BRIDGE",261,37,5,5,0,0,0,0,37,565,240,235,1386
2014,232,"GRANDE RONDE R FROM
WILDCAT BRIDGE TO ISLAND CITY BRIDGE",0,0,0,0,0,0,0,0,0,0,0,0,0
2014,232,"GRANDE RONDE R FROM
WILDCAT BRIDGE TO ISLAND CITY BRIDGE",16,5,0,0,0,0,0,0,0,69,43,43,176
2014,233,"GRANDE RONDE R ABOVE
ISLAND CITY BRIDGE",0,0,0,0,0,0,0,0,0,0,0,0,0
2014,233,"GRANDE RONDE R ABOVE
ISLAND CITY BRIDGE",0,0,0,0,0,0,0,0,0,27,0,0,27
2014,234,"WALLOWA R MOUTH TO MINAM
STATE PARK",0,0,0,0,0,0,0,0,0,0,0,0,0
2014,234,"WALLOWA R MOUTH TO MINAM
STATE PARK",21,123,235,64,0,0,0,0,0,53,11,213,720
2014,235,"WALLOWA R ABOVE MINAM
STATE PARK",0,0,0,0,0,0,0,0,0,0,0,0,0
2014,235,"WALLOWA R ABOVE MINAM
STATE PARK",11,149,555,261,0,0,0,0,0,0,37,181,1194
2014,236,"UMATILLA R BELOW THREE-
MILE DAM",0,0,0,0,0,0,0,0,0,0,0,0,0
2014,236,"UMATILLA R BELOW THREE-
MILE DAM",53,0,21,11,11,0,0,0,21,16,48,16,197
2014,237,UMATILLA R ABOVE NOLIN,0,0,0,0,0,0,0,0,0,0,0,0,0
2014,237,UMATILLA R ABOVE NOLIN,16,5,11,5,0,0,0,0,0,0,5,11,53
2014,238,"JOHN DAY R BELOW
COTTONWOOD BRIDGE",0,0,0,0,0,0,0,0,0,0,0,0,0
2014,238,"JOHN DAY R BELOW
COTTONWOOD BRIDGE",21,5,5,16,0,0,0,0,0,11,16,5,80
2014,239,"JOHN DAY R ABOVE
COTTONWOOD BRIDGE",0,0,0,0,0,0,0,0,0,0,0,0,0
2014,239,"JOHN DAY R ABOVE
COTTONWOOD BRIDGE",0,5,5,0,0,0,0,0,5,5,0,0,21
2014,241,LOOKINGGLASS CR,0,0,0,0,0,0,0,0,0,0,0,0,0
2014,241,LOOKINGGLASS CR,0,0,0,0,0,11,0,0,0,0,0,0,11
2014,243,"UMATILLA R THREE-MILE DAM
TO NOLIN",0,0,0,0,0,0,0,0,0,0,0,0,0
2014,243,"UMATILLA R THREE-MILE DAM
TO NOLIN",59,11,0,0,5,0,0,0,5,37,11,27,155
2014,244,SANDY R ABOVE SALMON R,5,0,5,0,0,0,0,0,0,0,0,21,32
2014,244,SANDY R ABOVE SALMON R,0,0,0,0,0,0,0,11,0,0,0,0,11
2014,245,"CLACK R., CARVER BR. TO
BAKERS FERRY RD",101,64,122,52,13,1,0,0,0,0,9,21,382
2014,245,"CLACK R., CARVER BR. TO
BAKERS FERRY RD",0,0,6,22,24,20,21,11,27,27,2,1,161
2014,246,"CLACK R, BAKERS FERRY RD
TO RVR MILL DAM",21,91,258,101,21,10,0,0,0,0,196,140,838
2014,246,"CLACK R, BAKERS FERRY RD
TO RVR MILL DAM",0,0,14,43,38,192,171,187,117,91,49,4,906
2014,247,"CLACK R, RIVER MILL DAM TO CAZADERO DAM",5,11,122,37,73,6,0,0,0,0,17,5,276
2014,247,"CLACK R, RIVER MILL DAM TO CAZADERO DAM",0,0,6,16,135,111,53,53,43,37,4,0,460
2015,112,ABERNATHY CR (CLACK R),0,0,0,0,0,0,0,0,0,0,0,0,0
2015,112,ABERNATHY CR (CLACK R),0,0,0,0,0,0,0,0,0,0,0,0,0
2015,113,ABIQUA CR (PUDDING R),0,0,0,0,0,0,0,0,0,0,0,0,0
2015,113,ABIQUA CR (PUDDING R),0,0,0,0,0,0,0,0,0,0,0,0,0
2015,114,BEAR CR (CLATSOP CO),0,0,0,0,0,0,0,0,0,0,0,0,0
2015,114,BEAR CR (CLATSOP CO),0,0,0,0,0,0,0,0,0,0,0,0,0
2015,115,BEAVER CR (COL CO),6,0,0,0,0,0,0,0,0,0,0,13,19
2015,115,BEAVER CR (COL CO),0,0,0,0,0,0,0,0,0,0,0,0,0
2015,116,BIG CR (CLATSOP CO),165,19,19,0,0,0,0,0,0,0,6,139,348
2015,116,BIG CR (CLATSOP CO),0,0,0,0,0,0,0,0,0,0,0,0,0
2015,117,BULLRUN R,0,0,0,0,0,0,0,0,0,0,0,0,0
2015,117,BULLRUN R,0,0,0,0,0,0,0,0,0,0,0,0,0
2015,118,BUTTE CR (PUDDING R),0,0,0,0,0,0,0,0,0,0,0,0,0
2015,118,BUTTE CR (PUDDING R),0,0,0,0,0,0,0,0,0,6,0,0,6
2015,119,CALAPOOIA R,0,0,0,0,0,0,0,0,0,0,0,0,0
2015,119,CALAPOOIA R,0,0,0,0,0,0,0,0,0,0,0,0,0
2015,120,CATHERINE CR,0,0,0,0,0,0,0,0,0,0,0,0,0
2015,120,CATHERINE CR,0,0,0,0,0,6,0,0,0,0,0,0,6
2015,122,"CLACKAMAS R BELOW CARVER
BRIDGE",304,171,211,53,18,4,0,0,0,0,5,154,919
2015,122,"CLACKAMAS R BELOW CARVER
BRIDGE",0,0,11,23,33,78,19,38,32,19,1,5,259
2015,123,CLATSKANIE R,6,0,0,0,0,0,0,0,0,0,0,0,6
2015,123,CLATSKANIE R,0,0,0,0,0,0,0,0,0,0,0,0,0
2015,124,CLEAR CR (CLACK R),0,0,0,0,0,0,0,0,0,0,0,0,0
2015,124,CLEAR CR (CLACK R),0,0,0,0,0,0,0,0,0,0,0,0,0
2015,125,COLLOWASH RIVER,0,0,0,6,0,0,0,0,0,0,0,0,6
2015,125,COLLOWASH RIVER,0,0,0,0,0,0,0,0,0,0,0,0,0
2015,126,HOT SP FK COLLOWASH RV,0,0,0,0,0,0,0,0,0,0,0,0,0
2015,126,HOT SP FK COLLOWASH RV,19,0,0,0,0,0,0,6,0,0,0,0,25
2015,129,CRABTREE CR (SANTIAM R),0,0,0,0,0,0,0,0,0,0,0,0,0
2015,129,CRABTREE CR (SANTIAM R),0,0,0,0,0,0,0,0,0,0,0,0,0
2015,130,DEEP CR (CLACK R),0,0,0,0,0,0,0,0,0,0,0,0,0
2015,130,DEEP CR (CLACK R),0,0,0,0,0,0,0,0,0,0,0,0,0
2015,131,"DESCHUTES R BELOW
SHERARS FALLS",0,0,0,0,0,0,0,0,0,0,0,0,0
2015,131,"DESCHUTES R BELOW
SHERARS FALLS",38,38,19,0,0,6,298,1235,2128,621,44,32,4460
2015,132,EAGLE CR (CLACK R),57,57,0,6,0,6,0,0,0,0,0,76,203
2015,132,EAGLE CR (CLACK R),0,0,0,0,0,0,0,0,0,0,0,0,0
2015,133,EAGLE CR (COLUMBIA R),0,0,0,0,0,0,0,0,0,0,0,0,0
2015,133,EAGLE CR (COLUMBIA R),0,0,0,0,0,0,13,0,6,0,0,0,19
2015,134,FALL CR (WILLAMETTE R),0,0,0,0,0,0,0,0,0,0,0,0,0
2015,134,FALL CR (WILLAMETTE R),0,0,0,0,0,0,0,0,0,0,0,0,0
2015,135,FIFTEEN MILE CR,0,0,0,0,6,0,0,0,0,0,0,0,6
2015,135,FIFTEEN MILE CR,0,0,0,0,0,0,0,0,0,0,0,0,0
2015,136,FOSTER RESERVOIR,0,0,0,0,0,0,0,0,0,0,0,0,0
2015,136,FOSTER RESERVOIR,0,0,0,0,0,0,0,0,0,0,0,0,0
2015,137,GALES CR (TUALATIN R),0,0,0,0,0,0,0,6,0,0,0,0,6
2015,137,GALES CR (TUALATIN R),0,0,0,0,0,0,0,0,0,0,0,0,0
2015,138,GNAT CR,139,25,0,0,6,0,0,0,0,0,6,13,190
2015,138,GNAT CR,0,0,0,0,6,25,0,0,6,0,0,0,38
2015,139,MOSBY CR. (WILL R CST FK),0,0,0,0,0,0,0,0,0,0,0,0,0
2015,139,MOSBY CR. (WILL R CST FK),0,0,0,0,0,0,0,0,0,0,0,0,0
2015,140,HERMAN CR (COL R),0,0,0,0,0,0,0,0,0,0,0,0,0
2015,140,HERMAN CR (COL R),0,0,0,0,0,0,19,95,114,32,0,0,260
2015,141,LOST CR (WILL R MID FK),0,0,0,0,0,0,0,0,0,0,0,0,0
2015,141,LOST CR (WILL R MID FK),0,0,0,0,0,0,0,0,6,0,0,0,6
2015,142,E FK HOOD,0,0,0,0,0,0,0,0,0,0,0,0,0
2015,142,E FK HOOD,0,0,0,0,0,0,0,0,0,0,0,0,0
2015,143,W FK HOOD,0,0,0,0,0,0,0,0,0,0,0,0,0
2015,143,W FK HOOD,0,0,0,0,0,0,0,0,0,0,0,0,0
2015,144,IMNAHA R,0,0,0,0,0,0,0,0,0,0,0,0,0
2015,144,IMNAHA R,57,101,171,139,0,6,0,6,6,51,63,44,646
2015,146,MID FK JOHN DAY,0,0,0,0,0,0,0,0,0,0,0,0,0
2015,146,MID FK JOHN DAY,0,6,6,0,0,0,0,0,0,0,0,0,13
2015,147,N FK JOHN DAY,0,0,0,0,0,0,0,0,0,0,0,0,0
2015,147,N FK JOHN DAY,0,0,0,0,0,0,0,0,0,0,0,0,0
2015,148,JOHNSON CR (WILL R),0,0,0,0,0,0,0,0,0,0,0,0,0
2015,148,JOHNSON CR (WILL R),0,0,0,0,0,0,0,0,0,0,0,0,0
2015,149,"BIG SHEEP CR, MOUTH TO
LITTLE SHEEP CR",0,0,0,0,0,0,0,0,0,0,0,0,0
2015,149,"BIG SHEEP CR, MOUTH TO
LITTLE SHEEP CR",0,0,0,0,0,0,0,0,0,0,0,0,0
2015,150,KNAPPA/BLIND SLOUGHS,0,0,0,0,0,0,0,0,0,0,0,0,0
2015,150,KNAPPA/BLIND SLOUGHS,0,0,0,0,0,0,0,0,0,0,0,0,0
2015,151,KLASKANINE R,32,0,0,0,0,0,0,0,0,0,0,25,57
2015,151,KLASKANINE R,0,0,0,0,0,0,0,6,13,0,0,0,19
2015,152,N FK KLASKANINE,253,13,0,6,0,0,0,0,0,0,6,120,399
2015,152,N FK KLASKANINE,0,0,0,0,0,0,6,0,0,0,0,0,6
2015,153,S FK KLASKANINE,0,0,0,0,0,0,0,0,0,0,0,0,0
2015,153,S FK KLASKANINE,0,0,0,0,0,0,0,0,0,0,0,0,0
2015,154,LEWIS & CLARK R,6,0,0,0,0,0,0,0,0,0,0,0,6
2015,154,LEWIS & CLARK R,0,0,0,0,0,0,6,6,0,0,0,0,13
2015,155,"MCKENZIE R (BELOW LEABURG
DAM)",0,0,0,0,0,0,0,0,0,0,0,0,0
2015,155,"MCKENZIE R (BELOW LEABURG
DAM)",6,6,0,6,6,6,0,44,158,190,146,6,576
2015,156,"LUCKIAMUTE & LITTLE
LUCKIAMUTE R",25,6,0,0,0,0,0,0,0,6,6,0,44
2015,156,"LUCKIAMUTE & LITTLE
LUCKIAMUTE R",0,0,0,0,0,0,0,0,0,0,0,0,0
2015,157,MARYS R,6,0,0,0,0,0,0,0,0,0,0,0,6
2015,157,MARYS R,0,0,0,0,0,0,0,0,0,0,0,0,0
2015,158,"MCKENZIE R (ABOVE LEABURG
DAM)",0,0,0,0,0,0,0,0,0,0,0,0,0
2015,158,"MCKENZIE R (ABOVE LEABURG
DAM)",6,0,0,0,0,0,0,0,0,0,0,0,6
2015,159,MILL CR (MARION CO),0,0,0,0,0,0,0,0,0,0,0,0,0
2015,159,MILL CR (MARION CO),0,0,0,0,0,0,0,0,0,0,0,0,0
2015,161,MILL CR (YAMHILL CO),0,0,0,0,0,0,0,0,0,0,0,0,0
2015,161,MILL CR (YAMHILL CO),0,0,0,0,0,0,0,0,0,0,0,0,0
2015,162,MILTON CR (COL CO),0,0,0,0,0,0,0,0,0,0,0,0,0
2015,162,MILTON CR (COL CO),0,0,0,0,0,0,0,0,0,0,0,0,0
2015,164,MOLALLA R,2,3,3,2,0,0,0,0,0,0,0,0,9
2015,164,MOLALLA R,4,4,10,5,0,0,0,0,0,0,0,0,23
2015,165,RICKREALL CR,25,6,0,0,0,6,0,0,0,0,6,0,44
2015,165,RICKREALL CR,0,0,0,0,0,0,0,0,0,0,0,0,0
2015,166,PUDDING R,0,0,0,0,0,0,0,0,0,0,0,0,0
2015,166,PUDDING R,0,0,0,0,0,0,6,0,0,0,0,0,6
2015,167,SALMON R (SANDY R),6,0,0,6,0,0,0,0,0,0,0,0,12
2015,167,SALMON R (SANDY R),0,0,0,1,0,0,0,0,0,0,0,6,7
2015,168,"SANDY R FROM MOUTH TO
REVENUE BRIDGE",944,811,229,30,20,4,0,0,0,0,0,310,2349
2015,168,"SANDY R FROM MOUTH TO
REVENUE BRIDGE",0,0,12,8,30,84,70,89,253,70,0,0,616
2015,169,SANTIAM R,13,0,19,5,3,0,0,0,0,0,3,0,42
2015,169,SANTIAM R,0,0,0,2,4,6,0,19,0,0,3,0,34
2015,170,N FK SANTIAM,19,13,25,0,30,4,0,0,0,0,3,6,101
2015,170,N FK SANTIAM,0,0,0,0,46,78,44,19,25,76,3,0,292
2015,171,LITTLE N FK SANTIAM,0,0,0,0,0,0,0,0,0,0,13,0,13
2015,171,LITTLE N FK SANTIAM,0,0,0,0,0,0,0,0,0,6,0,0,6
2015,172,S FK SANTIAM,0,0,6,10,20,1,0,0,0,0,10,0,47
2015,172,S FK SANTIAM,0,0,0,3,30,18,0,6,6,25,10,0,99
2015,173,SCAPPOOSE CR,6,0,0,0,0,0,0,0,0,0,0,0,6
2015,173,SCAPPOOSE CR,0,0,0,0,0,0,0,0,0,0,0,0,0
2015,174,N FK SCAPPOOSE,0,0,0,0,0,0,0,0,0,0,0,0,0
2015,174,N FK SCAPPOOSE,0,0,0,0,0,0,0,0,0,0,0,0,0
2015,175,S FK SCAPPOOSE,0,0,0,0,0,0,0,0,0,0,0,0,0
2015,175,S FK SCAPPOOSE,0,0,0,0,0,0,0,0,0,0,0,0,0
2015,176,SNAKE R,0,0,0,0,0,0,0,0,0,0,0,0,0
2015,176,SNAKE R,133,76,120,95,0,0,0,0,0,38,25,177,665
2015,177,SUCKER CR,0,0,0,0,0,0,0,0,0,0,0,0,0
2015,177,SUCKER CR,0,0,0,0,0,0,0,0,0,0,0,0,0
2015,178,TANNER CR,0,0,0,0,0,0,0,0,0,0,0,18,18
2015,178,TANNER CR,0,0,0,0,0,0,70,108,0,0,0,1,178
2015,179,THOMAS CR (SANT),0,0,0,0,0,0,0,0,0,0,0,0,0
2015,179,THOMAS CR (SANT),0,0,0,0,0,0,0,0,0,0,0,0,0
2015,180,TUALATIN R,0,0,0,0,0,6,0,0,0,0,0,0,6
2015,180,TUALATIN R,0,0,0,0,0,0,0,0,0,0,0,0,0
2015,181,UMATILLA R,0,0,0,0,0,0,0,0,0,0,0,0,0
2015,181,UMATILLA R,6,0,0,0,0,0,0,0,0,0,0,0,6
2015,182,WALLA WALLA R,0,0,0,0,0,0,0,0,0,0,0,0,0
2015,182,WALLA WALLA R,0,0,0,0,6,0,0,0,0,0,0,0,6
2015,183,SPRINGFIELD MILL RACE,0,0,0,0,0,0,0,0,0,0,0,0,0
2015,183,SPRINGFIELD MILL RACE,0,0,0,6,6,0,0,0,0,0,6,0,19
2015,184,WENAHA R,0,0,0,0,0,0,0,0,0,0,0,0,0
2015,184,WENAHA R,0,0,0,0,0,0,13,0,0,0,0,0,13
2015,185,"WILLAMETTE R & SLOUGH
BELOW OR CITY FLLS",165,76,48,43,3,0,0,0,0,0,13,165,512
2015,185,"WILLAMETTE R & SLOUGH
BELOW OR CITY FLLS",0,0,9,52,48,19,13,13,0,25,0,0,179
2015,186,"WILLAMETTE R ABOVE OR CITY
FALLS",0,25,6,18,10,0,0,0,0,0,0,0,59
2015,186,"WILLAMETTE R ABOVE OR CITY
FALLS",0,0,0,8,29,44,13,0,19,19,13,0,144
2015,187,ALTON BAKER CANOE CANAL,0,0,0,0,0,0,0,0,0,0,0,0,0
2015,187,ALTON BAKER CANOE CANAL,0,0,0,0,0,0,0,0,0,0,0,0,0
2015,188,MID FK WILL,0,0,4,1,5,2,0,0,0,0,0,0,13
2015,188,MID FK WILL,0,0,40,11,46,201,76,19,32,158,165,0,747
2015,189,WILLAMINA CR,0,0,0,0,0,0,0,0,0,0,0,0,0
2015,189,WILLAMINA CR,0,0,0,0,0,0,0,0,0,0,0,0,0
2015,190,YAMHILL R,0,0,0,0,0,0,0,0,0,0,0,0,0
2015,190,YAMHILL R,0,0,0,0,0,0,0,0,0,0,0,0,0
2015,191,N FK YAMHILL,0,0,0,0,0,0,0,0,0,0,0,0,0
2015,191,N FK YAMHILL,0,0,0,0,0,0,0,0,0,0,0,0,0
2015,192,S FK YAMHILL,0,0,0,0,0,0,0,0,0,0,0,0,0
2015,192,S FK YAMHILL,0,0,0,0,0,0,0,0,0,0,0,0,0
2015,193,YOUNGS R & BAY,0,0,0,0,0,0,0,0,0,0,0,0,0
2015,193,YOUNGS R & BAY,0,0,0,0,0,0,0,0,0,0,0,0,0
2015,195,SILVER CR,0,0,0,0,0,0,0,0,0,0,0,0,0
2015,195,SILVER CR,0,6,0,0,0,0,0,0,0,0,0,0,6
2015,200,UPPER ROGUE RIVER,0,0,0,0,0,0,0,0,0,0,0,0,0
2015,200,UPPER ROGUE RIVER,0,0,0,0,0,0,0,0,0,0,0,0,0
2015,202,"CLACKAMAS R SYSTEM ABOVE
NO FK DAM",0,0,0,0,0,0,0,0,0,0,0,0,0
2015,202,"CLACKAMAS R SYSTEM ABOVE
NO FK DAM",0,0,0,0,0,0,0,0,0,6,0,0,6
2015,203,"DESCHUTES R ABOVE
SHERARS FALLS",0,0,0,0,0,0,0,0,0,0,0,0,0
2015,203,"DESCHUTES R ABOVE
SHERARS FALLS",6,6,6,0,0,0,0,19,228,367,196,89,919
2015,205,"SANDY R FROM REVENUE
BRIDGE TO SALMON R",13,6,0,5,0,0,0,0,0,0,2,0,26
2015,205,"SANDY R FROM REVENUE
BRIDGE TO SALMON R",0,0,0,1,0,0,6,13,13,6,4,0,44
2015,208,JOHN DAY ARM,0,0,0,0,0,0,0,0,0,0,0,0,0
2015,208,JOHN DAY ARM,6,0,0,0,0,0,0,0,0,13,127,25,171
2015,209,L FALL CR (WILLAMETTE),0,0,0,0,0,0,0,0,0,0,0,0,0
2015,209,L FALL CR (WILLAMETTE),0,0,0,0,0,0,0,0,0,0,0,0,0
2015,210,COAST FK WILL,0,0,0,0,0,0,0,0,0,0,0,0,0
2015,210,COAST FK WILL,6,0,0,0,0,6,13,0,0,6,0,6,38
2015,211,"COLUMBIA R MAINSTEM--BUOY
10 TO TONGUE PT",6,0,0,0,0,0,0,0,0,0,0,19,25
2015,211,"COLUMBIA R MAINSTEM--BUOY
10 TO TONGUE PT",0,0,0,0,13,0,13,89,32,0,0,0,146
2015,212,COLUMBIA R MAINSTEM-- TONGUE PT TO LONGVIEW BRIDGE,6,19,152,63,0,0,0,0,0,0,25,25,291
2015,212,COLUMBIA R MAINSTEM-- TONGUE PT TO LONGVIEW BRIDGE,0,0,0,0,89,342,380,222,19,0,0,0,1052
2015,213,"COLUMBIA R MAINSTEM-- LONGVIEW BRIDGE TO I-5
BRIDGE",89,76,95,38,0,0,0,0,0,0,0,0,298
2015,213,"COLUMBIA R MAINSTEM-- LONGVIEW BRIDGE TO I-5
BRIDGE",0,0,0,0,82,108,323,697,51,51,0,0,1311
2015,214,"COLUMBIA R MAINSTEM--I-5
BRIDGE TO BONNEVILLE DAM",6,0,13,6,0,0,0,0,0,0,0,0,25
2015,214,"COLUMBIA R MAINSTEM--I-5
BRIDGE TO BONNEVILLE DAM",0,0,0,0,6,38,241,437,101,13,0,0,836
2015,215,COLUMBIA R MAINSTEM-- BONNEVILLE DAM TO THE DALLES,1,2,6,0,0,0,0,0,0,0,0,0,9
2015,215,COLUMBIA R MAINSTEM-- BONNEVILLE DAM TO THE DALLES,11,4,1,0,0,6,76,361,82,19,0,6,567
2015,216,COLUMBIA R MAINSTEM--THE DALLES DAM TO JOHN DAY DAM,0,0,0,0,0,0,0,0,0,0,0,0,0
2015,216,COLUMBIA R MAINSTEM--THE DALLES DAM TO JOHN DAY DAM,44,57,38,6,0,0,70,152,310,120,13,44,855
2015,217,COLUMBIA R MAINSTEM--JOHN DAY DAM TO MCNARY DAM,0,0,0,0,0,0,0,0,0,0,0,0,0
2015,217,COLUMBIA R MAINSTEM--JOHN DAY DAM TO MCNARY DAM,19,25,19,0,0,0,13,13,38,139,133,44,443
2015,218,COLUMBIA R MAINSTEM-- MCNARY DAM TO STATELINE,0,0,0,0,0,0,0,0,0,0,0,0,0
2015,218,COLUMBIA R MAINSTEM-- MCNARY DAM TO STATELINE,51,13,0,0,6,0,0,19,526,804,285,57,1761
2015,220,LONG TOM,0,0,0,0,0,0,0,0,0,0,0,0,0
2015,220,LONG TOM,0,0,0,0,0,0,0,0,0,0,0,0,0
2015,221,ROW R,0,0,0,0,0,0,0,0,0,0,0,0,0
2015,221,ROW R,0,6,0,0,0,0,0,0,0,6,0,0,13
2015,222,WILEY CR (S SANTIAM),0,6,0,13,0,0,0,0,0,0,0,0,19
2015,222,WILEY CR (S SANTIAM),0,0,0,0,0,0,0,0,0,0,0,0,0
2015,223,BLUE R (MCKENZIE),0,0,0,0,0,0,0,0,0,0,0,0,0
2015,223,BLUE R (MCKENZIE),0,0,0,0,0,0,0,0,0,0,0,0,0
2015,229,HOOD R,53,84,125,32,2,0,0,0,0,0,0,41,337
2015,229,HOOD R,23,4,14,32,4,0,0,0,19,0,13,61,170
2015,230,"HOOD R ABOVE POWERDALE
DAM",0,0,0,0,0,0,0,0,0,0,0,0,0
2015,230,"HOOD R ABOVE POWERDALE
DAM",0,0,0,0,0,0,0,0,0,0,0,0,0
2015,231,"GRANDE RONDE R FROM
STATELINE TO WILDCAT BRIDGE",0,0,0,0,0,0,0,0,0,0,0,0,0
2015,231,"GRANDE RONDE R FROM
STATELINE TO WILDCAT BRIDGE",184,146,89,0,0,6,0,0,63,443,583,177,1691
2015,232,"GRANDE RONDE R FROM
WILDCAT BRIDGE TO ISLAND CITY BRIDGE",0,0,0,0,0,0,0,0,0,0,0,0,0
2015,232,"GRANDE RONDE R FROM
WILDCAT BRIDGE TO ISLAND CITY BRIDGE",25,32,44,0,0,0,6,0,0,57,101,13,279
2015,233,"GRANDE RONDE R ABOVE
ISLAND CITY BRIDGE",0,0,0,0,0,0,0,0,0,0,0,0,0
2015,233,"GRANDE RONDE R ABOVE
ISLAND CITY BRIDGE",0,13,38,0,0,0,0,0,0,0,0,0,51
2015,234,"WALLOWA R MOUTH TO MINAM
STATE PARK",0,0,0,0,0,0,0,0,0,0,0,0,0
2015,234,"WALLOWA R MOUTH TO MINAM
STATE PARK",500,912,659,89,6,0,0,0,0,19,38,76,2299
2015,235,"WALLOWA R ABOVE MINAM
STATE PARK",0,0,0,0,0,0,0,0,0,0,0,0,0
2015,235,"WALLOWA R ABOVE MINAM
STATE PARK",266,1406,1134,165,6,0,13,6,0,0,51,70,3117
2015,236,"UMATILLA R BELOW THREE-
MILE DAM",0,0,0,0,0,0,0,0,0,0,0,0,0
2015,236,"UMATILLA R BELOW THREE-
MILE DAM",0,6,6,0,0,0,0,0,0,19,63,32,127
2015,237,UMATILLA R ABOVE NOLIN,0,0,0,0,0,0,0,0,0,0,0,0,0
2015,237,UMATILLA R ABOVE NOLIN,76,95,95,25,0,0,0,0,0,13,0,25,329
2015,238,"JOHN DAY R BELOW
COTTONWOOD BRIDGE",0,0,0,0,0,0,0,0,0,0,0,0,0
2015,238,"JOHN DAY R BELOW
COTTONWOOD BRIDGE",6,6,0,13,0,0,0,0,0,13,51,0,89
2015,239,"JOHN DAY R ABOVE
COTTONWOOD BRIDGE",0,0,0,0,0,0,0,0,0,0,0,0,0
2015,239,"JOHN DAY R ABOVE
COTTONWOOD BRIDGE",6,6,19,19,0,0,0,0,6,19,0,0,76
2015,241,LOOKINGGLASS CR,0,0,0,0,0,0,0,0,0,0,0,0,0
2015,241,LOOKINGGLASS CR,0,6,0,0,0,0,0,0,0,0,6,0,13
2015,242,POWDER R,0,0,0,0,0,0,0,0,0,0,0,0,0
2015,242,POWDER R,0,0,6,6,0,0,0,0,0,0,0,0,13
2015,243,"UMATILLA R THREE-MILE DAM
TO NOLIN",0,0,0,0,0,0,0,0,0,0,0,0,0
2015,243,"UMATILLA R THREE-MILE DAM
TO NOLIN",44,44,25,0,6,0,0,0,0,13,19,57,209
2015,244,SANDY R ABOVE SALMON R,6,6,13,0,0,0,0,0,0,0,0,0,25
2015,244,SANDY R ABOVE SALMON R,0,0,0,0,0,0,0,6,25,13,0,0,44
2015,245,"CLACK R., CARVER BR. TO
BAKERS FERRY RD",158,51,78,35,13,1,0,0,0,0,5,98,440
2015,245,"CLACK R., CARVER BR. TO
BAKERS FERRY RD",0,0,4,15,25,18,6,32,57,38,1,3,199
2015,246,"CLACK R, BAKERS FERRY RD
TO RVR MILL DAM",82,247,205,75,11,1,0,0,0,0,182,86,890
2015,246,"CLACK R, BAKERS FERRY RD
TO RVR MILL DAM",0,0,11,32,21,24,57,51,190,127,46,3,560
2015,247,"CLACK R, RIVER MILL DAM TO
CAZADERO DAM",25,6,66,35,9,1,0,0,0,0,15,0,158
2015,247,"CLACK R, RIVER MILL DAM TO
CAZADERO DAM",0,0,3,15,16,12,38,13,19,6,4,0,127
2015,250,JOHN DAY R (CLATSOP CTY),6,0,0,0,0,0,0,0,0,0,0,0,6
2015,250,JOHN DAY R (CLATSOP CTY),0,0,0,0,0,0,0,0,0,0,0,0,0
2016,112,ABERNATHY CR (CLACK R),0,0,0,0,0,0,0,0,0,0,0,0,0
2016,112,ABERNATHY CR (CLACK R),0,0,0,0,0,0,0,0,0,0,0,0,0
2016,113,ABIQUA CR (PUDDING R),0,0,0,0,0,0,0,0,0,0,0,0,0
2016,113,ABIQUA CR (PUDDING R),0,0,0,0,0,0,0,0,0,0,0,0,0
2016,114,BEAR CR (CLATSOP CO),0,0,0,0,0,0,0,0,0,0,0,0,0
2016,114,BEAR CR (CLATSOP CO),0,0,0,0,0,0,0,0,0,0,0,0,0
2016,115,BEAVER CR (COL CO),14,14,7,14,0,0,0,0,0,0,0,0,49
2016,115,BEAVER CR (COL CO),0,0,0,0,0,0,21,0,0,0,0,0,21
2016,116,BIG CR (CLATSOP CO),466,104,14,0,0,0,0,0,0,0,0,216,801
2016,116,BIG CR (CLATSOP CO),0,0,0,0,0,0,0,0,7,7,0,0,14
2016,117,BULLRUN R,0,0,0,0,0,0,0,0,0,0,0,0,0
2016,117,BULLRUN R,0,0,0,0,0,0,0,0,0,0,0,0,0
2016,118,BUTTE CR (PUDDING R),0,0,0,0,0,0,0,0,0,0,0,0,0
2016,118,BUTTE CR (PUDDING R),0,0,0,0,0,0,0,0,0,0,0,0,0
2016,119,CALAPOOIA R,0,0,0,0,0,0,0,0,0,0,0,0,0
2016,119,CALAPOOIA R,0,0,0,0,0,0,0,0,0,0,0,0,0
2016,120,CATHERINE CR,0,0,0,0,0,0,0,0,0,0,0,0,0
2016,120,CATHERINE CR,0,0,0,0,0,0,7,0,0,0,0,0,7
2016,122,"CLACKAMAS R BELOW CARVER
BRIDGE",661,271,126,54,34,9,0,0,0,0,0,68,"1,222"
2016,122,"CLACKAMAS R BELOW CARVER
BRIDGE",0,0,7,23,63,165,125,21,35,42,0,2,483
2016,123,CLATSKANIE R,7,0,7,0,0,0,0,0,0,0,0,0,14
2016,123,CLATSKANIE R,0,0,0,0,0,0,0,0,0,0,0,0,0
2016,124,CLEAR CR (CLACK R),0,0,0,0,0,0,0,0,0,0,0,0,0
2016,124,CLEAR CR (CLACK R),0,0,0,0,0,0,0,0,0,0,0,0,0
2016,125,COLLOWASH RIVER,0,0,0,0,0,0,0,0,0,0,0,0,0
2016,125,COLLOWASH RIVER,7,0,0,0,0,0,0,0,0,0,0,0,7
2016,126,HOT SP FK COLLOWASH RV,0,0,0,0,0,0,0,0,0,0,0,0,0
2016,126,HOT SP FK COLLOWASH RV,0,0,0,0,0,0,0,0,0,0,0,0,0
2016,129,CRABTREE CR (SANTIAM R),0,0,0,0,0,0,0,0,0,0,0,0,0
2016,129,CRABTREE CR (SANTIAM R),0,0,0,0,0,0,0,0,0,0,0,0,0
2016,130,DEEP CR (CLACK R),0,0,0,0,0,0,0,0,0,0,0,0,0
2016,130,DEEP CR (CLACK R),0,0,0,0,0,0,0,0,0,0,0,0,0
2016,131,"DESCHUTES R BELOW
SHERARS FALLS",0,0,0,0,0,0,0,0,0,0,0,0,0
2016,131,"DESCHUTES R BELOW
SHERARS FALLS",21,21,7,7,0,21,244,891,"1,295",202,77,35,"2,819"
2016,132,EAGLE CR (CLACK R),258,77,0,0,0,0,0,0,0,14,0,97,445
2016,132,EAGLE CR (CLACK R),0,0,0,0,0,0,0,0,0,0,0,0,0
2016,133,EAGLE CR (COLUMBIA R),0,27,0,0,0,0,0,0,0,0,0,0,27
2016,133,EAGLE CR (COLUMBIA R),0,1,0,0,0,0,0,21,0,0,0,0,22
2016,134,FALL CR (WILLAMETTE R),0,0,0,0,0,0,0,0,0,0,0,0,0
2016,134,FALL CR (WILLAMETTE R),0,0,0,0,0,0,0,0,0,0,0,0,0
2016,135,FIFTEEN MILE CR,0,0,0,0,0,0,0,0,0,0,0,0,0
2016,135,FIFTEEN MILE CR,0,0,0,0,0,0,0,0,0,0,0,0,0
2016,136,FOSTER RESERVOIR,21,0,0,0,0,0,0,0,0,0,0,0,21
2016,136,FOSTER RESERVOIR,0,0,0,0,0,0,0,0,0,0,0,0,0
2016,137,GALES CR (TUALATIN R),0,0,0,0,0,0,0,0,0,0,0,0,0
2016,137,GALES CR (TUALATIN R),0,0,0,0,0,0,0,0,0,0,0,0,0
2016,138,GNAT CR,146,0,0,0,0,0,0,0,0,0,0,49,195
2016,138,GNAT CR,0,0,0,0,0,0,0,0,0,0,0,0,0
2016,139,MOSBY CR. (WILL R CST FK),0,0,0,0,0,0,0,0,0,0,0,0,0
2016,139,MOSBY CR. (WILL R CST FK),0,0,0,0,0,0,0,0,0,0,0,0,0
2016,140,HERMAN CR (COL R),0,0,7,7,0,0,0,0,0,0,0,0,14
2016,140,HERMAN CR (COL R),0,0,0,0,0,0,0,0,0,0,0,0,0
2016,141,LOST CR (WILL R MID FK),0,0,0,0,0,0,0,0,0,0,0,0,0
2016,141,LOST CR (WILL R MID FK),0,0,0,0,0,0,0,0,0,0,0,0,0
2016,142,E FK HOOD,0,0,0,0,0,0,0,0,0,0,0,0,0
2016,142,E FK HOOD,0,0,0,0,0,0,0,0,0,0,0,0,0
2016,143,W FK HOOD,0,0,0,0,0,0,0,0,0,0,0,0,0
2016,143,W FK HOOD,0,0,0,0,0,0,0,0,0,0,0,0,0
2016,144,IMNAHA R,0,0,0,0,0,0,0,0,0,0,0,0,0
2016,144,IMNAHA R,70,146,209,28,0,0,0,0,0,14,49,14,529
2016,146,MID FK JOHN DAY,0,0,0,0,0,0,0,0,0,0,0,0,0
2016,146,MID FK JOHN DAY,7,0,0,0,0,0,0,0,0,0,0,0,7
2016,147,N FK JOHN DAY,0,0,0,0,0,0,0,0,0,0,0,0,0
2016,147,N FK JOHN DAY,0,7,0,0,0,0,0,0,0,0,0,0,7
2016,148,JOHNSON CR (WILL R),0,0,0,0,0,7,0,0,0,0,0,0,7
2016,148,JOHNSON CR (WILL R),0,0,0,0,0,0,0,0,0,0,0,0,0
2016,149,"BIG SHEEP CR-MOUTH TO
LITTLE SHEEP CR",0,0,0,0,0,0,0,0,0,0,0,0,0
2016,149,"BIG SHEEP CR-MOUTH TO
LITTLE SHEEP CR",0,0,0,0,0,0,0,0,0,0,0,0,0
2016,150,KNAPPA/BLIND SLOUGHS,0,0,0,0,0,0,0,0,0,0,0,0,0
2016,150,KNAPPA/BLIND SLOUGHS,0,0,0,0,0,7,7,0,0,0,0,0,14
2016,151,KLASKANINE R,21,0,0,0,0,0,0,0,0,0,0,49,70
2016,151,KLASKANINE R,0,0,0,0,0,0,0,0,0,0,0,0,0
2016,152,N FK KLASKANINE,160,97,0,0,0,0,0,0,0,0,7,153,418
2016,152,N FK KLASKANINE,0,0,0,0,0,0,0,0,0,0,0,0,0
2016,153,S FK KLASKANINE,0,0,0,0,0,0,0,0,0,0,0,0,0
2016,153,S FK KLASKANINE,0,0,0,0,0,0,0,0,0,0,0,0,0
2016,154,LEWIS & CLARK R,0,0,0,0,0,0,0,0,0,0,0,0,0
2016,154,LEWIS & CLARK R,0,0,0,0,0,0,0,0,0,0,0,0,0
2016,155,"MCKENZIE R (BELOW LEABURG
DAM)",0,0,0,0,0,0,0,0,0,0,0,0,0
2016,155,"MCKENZIE R (BELOW LEABURG
DAM)",14,21,0,21,188,780,543,167,188,181,35,7,"2,144"
2016,156,"LUCKIAMUTE & LITTLE
LUCKIAMUTE R",0,0,0,0,0,0,0,0,0,7,0,0,7
2016,156,"LUCKIAMUTE & LITTLE
LUCKIAMUTE R",0,0,0,0,0,0,0,0,0,0,0,0,0
2016,157,MARYS R,0,0,0,0,0,0,0,0,7,0,0,0,7
2016,157,MARYS R,0,0,0,0,0,0,0,0,0,0,0,0,0
2016,158,"MCKENZIE R (ABOVE LEABURG
DAM)",0,0,0,0,0,0,0,0,0,0,0,0,0
2016,158,"MCKENZIE R (ABOVE LEABURG
DAM)",0,0,0,0,0,7,28,28,21,0,0,0,84
2016,159,MILL CR (MARION CO),0,0,0,0,0,0,0,0,0,0,0,0,0
2016,159,MILL CR (MARION CO),0,0,0,0,0,0,0,0,0,0,0,0,0
2016,161,MILL CR (YAMHILL CO),0,0,0,0,0,0,0,0,0,0,0,0,0
2016,161,MILL CR (YAMHILL CO),0,0,0,0,0,0,0,0,0,0,0,0,0
2016,162,MILTON CR (COL CO),0,7,0,0,0,14,0,0,0,0,0,0,21
2016,162,MILTON CR (COL CO),0,0,0,0,0,0,0,0,0,0,0,0,0
2016,164,MOLALLA R,0,3,3,0,0,0,0,0,0,0,0,0,6
2016,164,MOLALLA R,0,4,11,0,0,0,0,0,0,0,0,0,15
2016,165,RICKREALL CR,7,0,0,0,0,0,7,0,0,0,0,0,14
2016,165,RICKREALL CR,0,0,0,0,0,0,0,0,0,0,0,0,0
2016,166,PUDDING R,0,0,0,0,0,0,0,0,0,0,0,0,0
2016,166,PUDDING R,7,0,0,0,0,0,0,0,0,0,0,0,7
2016,167,SALMON R (SANDY R),7,0,0,0,0,0,0,0,0,0,0,0,7
2016,167,SALMON R (SANDY R),0,0,0,0,0,7,14,0,0,0,0,0,21
2016,168,"SANDY R FROM MOUTH TO
REVENUE BRIDGE","1,197",995,185,72,117,26,0,0,0,0,0,223,"2,816"
2016,168,"SANDY R FROM MOUTH TO
REVENUE BRIDGE",0,0,10,18,175,496,592,167,181,28,0,0,"1,667"
2016,169,SANTIAM R,7,42,7,0,14,5,0,0,0,0,0,0,74
2016,169,SANTIAM R,0,0,0,0,21,93,56,28,0,0,0,0,197
2016,170,N FK SANTIAM,7,7,14,5,103,31,0,0,0,0,0,7,174
2016,170,N FK SANTIAM,0,0,0,2,155,595,278,237,174,28,0,0,"1,468"
2016,171,LITTLE N FK SANTIAM,0,0,0,0,0,0,0,0,0,0,0,0,0
2016,171,LITTLE N FK SANTIAM,0,0,0,0,0,0,0,0,0,0,0,0,0
2016,172,S FK SANTIAM,21,7,7,5,123,34,0,0,0,0,0,0,197
2016,172,S FK SANTIAM,0,0,0,2,184,648,801,258,209,14,0,0,"2,114"
2016,173,SCAPPOOSE CR,0,0,0,0,0,0,0,0,0,0,0,0,0
2016,173,SCAPPOOSE CR,0,0,0,0,0,0,0,0,0,0,0,0,0
2016,174,N FK SCAPPOOSE,0,0,0,0,0,0,0,0,0,0,0,0,0
2016,174,N FK SCAPPOOSE,0,0,0,0,0,0,0,0,0,0,0,0,0
2016,175,S FK SCAPPOOSE,0,0,0,0,0,0,0,0,0,0,0,0,0
2016,175,S FK SCAPPOOSE,0,0,0,0,0,0,0,0,0,0,0,0,0
2016,176,SNAKE R,0,0,0,0,0,0,0,0,0,0,0,0,0
2016,176,SNAKE R,104,63,77,21,0,0,0,0,0,0,14,35,313
2016,177,SUCKER CR,0,0,0,0,0,0,0,0,0,0,0,0,0
2016,177,SUCKER CR,0,0,0,0,0,0,0,0,0,0,0,0,0
2016,178,TANNER CR,0,0,0,0,0,0,0,0,0,0,0,0,0
2016,178,TANNER CR,0,0,0,0,0,0,0,7,0,0,0,0,7
2016,179,THOMAS CR (SANT),0,0,0,0,0,0,0,0,0,0,0,0,0
2016,179,THOMAS CR (SANT),0,0,0,0,0,0,0,0,0,0,0,0,0
2016,180,TUALATIN R,0,0,0,0,0,0,0,0,0,0,0,0,0
2016,180,TUALATIN R,0,0,0,0,0,0,0,0,0,0,0,0,0
2016,181,UMATILLA R,0,0,0,0,0,0,0,0,0,0,0,0,0
2016,181,UMATILLA R,0,0,0,7,0,0,0,14,21,0,7,0,49
2016,182,WALLA WALLA R,0,0,0,0,0,0,0,0,0,0,0,0,0
2016,182,WALLA WALLA R,0,0,0,7,0,0,0,0,0,0,0,0,7
2016,183,SPRINGFIELD MILL RACE,0,0,0,0,0,0,0,0,0,0,0,0,0
2016,183,SPRINGFIELD MILL RACE,0,0,0,0,0,0,0,0,0,0,0,0,0
2016,184,WENAHA R,0,0,0,0,0,0,0,0,0,0,0,0,0
2016,184,WENAHA R,0,0,0,0,0,0,0,0,0,0,0,0,0
2016,185,"WILLAMETTE R & SLOUGH
BELOW OR CITY FLLS",292,216,95,172,16,0,0,0,0,0,0,97,889
2016,185,"WILLAMETTE R & SLOUGH
BELOW OR CITY FLLS",0,0,17,211,304,139,77,42,42,21,0,0,852
2016,186,"WILLAMETTE R ABOVE OR CITY
FALLS",0,7,7,68,31,0,0,0,0,0,0,0,113
2016,186,"WILLAMETTE R ABOVE OR CITY
FALLS",0,0,0,29,94,383,244,118,188,146,28,0,"1,230"
2016,187,ALTON BAKER CANOE CANAL,0,0,0,0,0,0,0,0,0,0,0,0,0
2016,187,ALTON BAKER CANOE CANAL,0,0,0,0,0,0,0,0,0,0,0,0,0
2016,188,MID FK WILL,0,1,1,1,22,13,0,0,0,0,0,0,38
2016,188,MID FK WILL,14,13,6,13,200,"1,247","1,406",494,550,947,425,104,"5,420"
2016,189,WILLAMINA CR,0,0,0,0,0,0,0,0,0,0,0,0,0
2016,189,WILLAMINA CR,0,0,0,0,0,0,0,0,0,0,0,0,0
2016,190,YAMHILL R,0,0,0,0,0,0,0,0,0,0,0,0,0
2016,190,YAMHILL R,0,0,0,0,0,0,0,0,0,0,0,0,0
2016,191,N FK YAMHILL,0,0,0,0,0,0,0,0,0,0,0,0,0
2016,191,N FK YAMHILL,0,0,0,0,0,0,0,0,0,0,0,0,0
2016,192,S FK YAMHILL,0,0,0,0,0,0,0,0,0,0,0,0,0
2016,192,S FK YAMHILL,0,0,0,0,0,0,0,0,0,0,0,0,0
2016,193,YOUNGS R & BAY,7,0,0,0,0,0,0,0,0,0,7,0,14
2016,193,YOUNGS R & BAY,0,0,0,0,0,7,0,0,0,0,0,0,7
2016,195,SILVER CR,0,0,0,0,0,0,0,0,0,0,0,0,0
2016,195,SILVER CR,0,0,0,0,0,0,0,0,0,0,0,0,0
2016,200,UPPER ROGUE RIVER,0,0,0,0,0,0,0,0,0,0,0,0,0
2016,200,UPPER ROGUE RIVER,0,0,0,0,0,0,0,0,0,0,0,0,0
2016,202,"CLACKAMAS R SYSTEM ABOVE
NO FK DAM",0,0,0,0,0,0,0,0,0,0,0,0,0
2016,202,"CLACKAMAS R SYSTEM ABOVE
NO FK DAM",0,0,0,0,0,0,0,0,0,0,0,0,0
2016,203,"DESCHUTES R ABOVE
SHERARS FALLS",0,0,0,0,0,0,0,0,0,0,0,0,0
2016,203,"DESCHUTES R ABOVE
SHERARS FALLS",56,14,0,0,0,0,0,14,118,132,70,21,425
2016,205,"SANDY R FROM REVENUE
BRIDGE TO SALMON R",77,35,7,11,1,0,0,0,0,0,2,0,132
2016,205,"SANDY R FROM REVENUE
BRIDGE TO SALMON R",0,0,0,3,6,7,14,7,0,0,5,0,42
2016,208,JOHN DAY ARM,0,0,0,0,0,0,0,0,0,0,0,0,0
2016,208,JOHN DAY ARM,0,7,0,0,0,0,0,0,0,132,104,7,251
2016,209,L FALL CR (WILLAMETTE),0,0,0,0,0,0,0,0,0,0,0,0,0
2016,209,L FALL CR (WILLAMETTE),7,0,0,0,0,0,0,0,0,0,0,0,7
2016,210,COAST FK WILL,0,0,0,0,0,0,0,0,0,0,0,0,0
2016,210,COAST FK WILL,0,0,0,0,0,0,0,0,0,35,7,0,42
2016,211,"COLUMBIA R MAINSTEM--BUOY
10 TO TONGUE PT",0,0,0,7,0,0,0,0,0,0,0,0,7
2016,211,"COLUMBIA R MAINSTEM--BUOY
10 TO TONGUE PT",0,0,0,0,0,0,0,63,63,0,0,0,125
2016,212,COLUMBIA R MAINSTEM-- TONGUE PT TO LONGVIEW BRIDGE,42,181,181,49,0,0,0,0,0,0,7,14,473
2016,212,COLUMBIA R MAINSTEM-- TONGUE PT TO LONGVIEW BRIDGE,0,0,0,0,369,522,439,70,14,0,0,0,"1,413"
2016,213,"COLUMBIA R MAINSTEM-- LONGVIEW BRIDGE TO I-5
BRIDGE",132,174,84,35,0,0,0,0,0,0,0,7,432
2016,213,"COLUMBIA R MAINSTEM-- LONGVIEW BRIDGE TO I-5
BRIDGE",0,0,0,0,132,244,285,251,146,7,0,0,"1,065"
2016,214,"COLUMBIA R MAINSTEM--I-5
BRIDGE TO BONNEVILLE DAM",0,14,28,0,0,0,0,0,0,0,21,14,77
2016,214,"COLUMBIA R MAINSTEM--I-5
BRIDGE TO BONNEVILLE DAM",0,0,0,0,7,28,473,167,104,56,0,0,835
2016,215,COLUMBIA R MAINSTEM-- BONNEVILLE DAM TO THE DALLES,0,0,0,3,0,0,0,0,0,0,0,0,3
2016,215,COLUMBIA R MAINSTEM-- BONNEVILLE DAM TO THE DALLES,0,0,0,3,21,7,63,104,42,21,0,0,261
2016,216,COLUMBIA R MAINSTEM--THE DALLES DAM TO JOHN DAY DAM,0,0,0,0,0,0,0,0,0,0,0,0,0
2016,216,COLUMBIA R MAINSTEM--THE DALLES DAM TO JOHN DAY DAM,21,42,21,0,0,0,21,139,306,111,77,42,780
2016,217,COLUMBIA R MAINSTEM--JOHN DAY DAM TO MCNARY DAM,0,0,0,0,0,0,0,0,0,0,0,0,0
2016,217,COLUMBIA R MAINSTEM--JOHN DAY DAM TO MCNARY DAM,21,42,56,0,7,14,21,21,21,35,139,14,390
2016,218,COLUMBIA R MAINSTEM-- MCNARY DAM TO STATELINE,0,0,0,0,0,0,0,0,0,0,0,0,0
2016,218,COLUMBIA R MAINSTEM-- MCNARY DAM TO STATELINE,14,14,0,0,0,0,7,21,223,668,160,42,"1,149"
2016,220,LONG TOM,0,0,0,0,0,0,0,0,0,0,0,0,0
2016,220,LONG TOM,0,0,0,0,0,0,0,0,0,0,0,0,0
2016,221,ROW R,0,0,0,0,0,0,0,0,0,0,0,0,0
2016,221,ROW R,0,0,0,0,0,0,7,0,7,0,0,0,14
2016,222,WILEY CR (S SANTIAM),0,0,0,0,0,0,0,0,0,0,0,0,0
2016,222,WILEY CR (S SANTIAM),0,0,0,0,0,0,0,0,0,0,0,0,0
2016,223,BLUE R (MCKENZIE),0,0,0,0,0,0,0,0,0,0,0,0,0
2016,223,BLUE R (MCKENZIE),0,0,0,0,0,0,0,0,0,0,0,0,0
2016,229,HOOD R,63,225,200,35,6,0,0,0,0,0,0,19,549
2016,229,HOOD R,27,12,22,35,15,7,0,0,0,14,21,29,182
2016,230,"HOOD R ABOVE POWERDALE
DAM",0,0,0,0,0,0,0,0,0,0,0,0,0
2016,230,"HOOD R ABOVE POWERDALE
DAM",0,0,0,0,0,0,0,0,0,0,0,0,0
2016,231,"GRANDE RONDE R FROM
STATELINE TO WILDCAT BRIDGE",0,0,0,0,0,0,0,0,0,0,0,0,0
2016,231,"GRANDE RONDE R FROM
STATELINE TO WILDCAT BRIDGE",292,237,0,0,0,0,0,0,21,209,418,7,"1,183"
2016,232,"GRANDE RONDE R FROM
WILDCAT BRIDGE TO ISLAND CITY BRIDGE",0,0,0,0,0,0,0,0,0,0,0,0,0
2016,232,"GRANDE RONDE R FROM
WILDCAT BRIDGE TO ISLAND CITY BRIDGE",35,63,7,0,0,0,0,0,0,7,139,0,251
2016,233,"GRANDE RONDE R ABOVE
ISLAND CITY BRIDGE",0,0,0,0,0,0,0,0,0,0,0,0,0
2016,233,"GRANDE RONDE R ABOVE
ISLAND CITY BRIDGE",0,0,0,0,0,0,0,0,0,0,0,0,0
2016,234,"WALLOWA R MOUTH TO MINAM
STATE PARK",0,0,0,0,0,0,0,0,0,0,0,0,0
2016,234,"WALLOWA R MOUTH TO MINAM
STATE PARK",153,961,863,14,0,0,7,0,0,28,49,0,"2,074"
2016,235,"WALLOWA R ABOVE MINAM
STATE PARK",0,0,0,0,0,0,0,0,0,0,0,0,0
2016,235,"WALLOWA R ABOVE MINAM
STATE PARK",118,905,"1,169",139,0,0,7,0,0,7,49,14,"2,408"
2016,236,"UMATILLA R BELOW THREE-
MILE DAM",0,0,0,0,0,0,0,0,0,0,0,0,0
2016,236,"UMATILLA R BELOW THREE-
MILE DAM",0,21,7,0,0,0,0,0,0,21,49,7,104
2016,237,UMATILLA R ABOVE NOLIN,0,0,0,0,0,0,0,0,0,0,0,0,0
2016,237,UMATILLA R ABOVE NOLIN,7,28,14,0,0,0,0,0,0,0,0,0,49
2016,238,"JOHN DAY R BELOW
COTTONWOOD BRIDGE",0,0,0,0,0,0,0,0,0,0,0,0,0
2016,238,"JOHN DAY R BELOW
COTTONWOOD BRIDGE",0,14,0,0,0,0,0,0,0,14,42,0,70
2016,239,"JOHN DAY R ABOVE
COTTONWOOD BRIDGE",0,0,0,0,0,0,0,0,0,0,0,0,0
2016,239,"JOHN DAY R ABOVE
COTTONWOOD BRIDGE",0,0,0,0,0,0,0,0,0,0,0,0,0
2016,241,LOOKINGGLASS CR,0,0,0,0,0,0,0,0,0,0,0,0,0
2016,242,POWDER R,0,0,0,0,0,0,0,0,0,0,0,0,0
2016,242,POWDER R,7,0,0,0,7,0,0,0,0,0,0,0,14
2016,243,"UMATILLA R THREE-MILE DAM
TO NOLIN",0,0,0,0,0,0,0,0,0,0,0,0,0
2016,243,"UMATILLA R THREE-MILE DAM
TO NOLIN",42,35,14,14,14,0,0,0,28,28,0,0,174
2016,244,SANDY R ABOVE SALMON R,14,14,35,0,1,0,0,0,0,0,0,0,63
2016,244,SANDY R ABOVE SALMON R,0,0,0,0,6,0,0,7,0,0,0,0,13
2016,245,"CLACK R.-CARVER BR. TO
BAKERS FERRY RD",557,592,509,29,85,9,0,0,0,0,6,54,"1,841"
2016,245,"CLACK R.-CARVER BR. TO
BAKERS FERRY RD",0,0,27,13,158,179,35,35,70,42,1,2,560
2016,246,"CLACK R-BAKERS FERRY RD TO
RVR MILL DAM",369,884,608,117,39,17,0,0,0,0,234,95,"2,363"
2016,246,"CLACK R-BAKERS FERRY RD TO
RVR MILL DAM",0,0,32,50,72,331,383,209,125,251,58,3,"1,514"
2016,247,"CLACK R-RIVER MILL DAM TO
CAZADERO DAM",56,84,165,34,105,15,0,0,0,0,0,7,465
2016,247,"CLACK R-RIVER MILL DAM TO
CAZADERO DAM",0,0,9,15,195,291,139,56,63,28,0,0,794
2016,250,JOHN DAY R (CLATSOP CTY),0,0,0,0,0,0,0,0,0,0,0,0,0
2016,250,JOHN DAY R (CLATSOP CTY),0,0,0,0,0,0,0,0,0,0,0,0,0
2017,112,ABERNATHY CR (CLACK R),0,0,0,0,0,0,0,0,0,0,0,0,0
2017,112,ABERNATHY CR (CLACK R),0,0,0,0,0,0,0,0,0,0,0,0,0
2017,113,ABIQUA CR (PUDDING R),0,0,0,0,0,0,0,0,0,0,0,0,0
2017,113,ABIQUA CR (PUDDING R),0,0,0,0,0,0,0,0,0,0,0,0,0
2017,114,BEAR CR (CLATSOP CO),0,0,0,0,0,0,0,0,0,0,0,0,0
2017,114,BEAR CR (CLATSOP CO),0,0,0,0,0,0,0,0,0,0,0,0,0
2017,115,BEAVER CR (COL CO),0,0,0,0,0,0,0,0,0,0,0,0,0
2017,115,BEAVER CR (COL CO),0,0,0,0,0,0,7,0,0,0,0,0,7
2017,116,BIG CR (CLATSOP CO),129,27,7,7,3,0,0,0,0,0,0,95,267
2017,116,BIG CR (CLATSOP CO),0,0,0,0,3,0,7,20,0,7,0,0,37
2017,117,BULLRUN R,0,0,0,0,0,0,0,0,0,0,0,0,0
2017,117,BULLRUN R,0,0,0,0,0,0,0,0,0,0,0,0,0
2017,118,BUTTE CR (PUDDING R),0,0,0,0,0,0,0,0,0,0,0,0,0
2017,118,BUTTE CR (PUDDING R),0,0,0,0,0,0,0,0,0,0,0,0,0
2017,119,CALAPOOIA R,0,0,0,0,0,0,0,0,0,0,0,0,0
2017,119,CALAPOOIA R,0,0,0,0,0,0,0,0,0,0,0,0,0
2017,120,CATHERINE CR,0,0,0,0,0,0,0,0,0,0,0,0,0
2017,120,CATHERINE CR,0,0,0,0,0,0,0,0,0,0,0,0,0
2017,122,"CLACKAMAS R BELOW CARVER
BRIDGE",74,68,26,19,24,2,0,0,0,0,0,13,225
2017,122,"CLACKAMAS R BELOW CARVER
BRIDGE",0,0,1,8,44,32,47,7,0,7,0,0,147
2017,123,CLATSKANIE R,14,0,0,0,0,0,0,0,0,0,0,0,14
2017,123,CLATSKANIE R,0,0,0,0,0,0,0,0,0,0,0,0,0
2017,124,CLEAR CR (CLACK R),0,0,7,0,0,0,0,0,0,0,0,0,7
2017,124,CLEAR CR (CLACK R),0,0,0,0,0,0,0,0,0,0,0,0,0
2017,125,COLLOWASH RIVER,0,0,0,0,0,0,0,0,0,0,0,0,0
2017,125,COLLOWASH RIVER,0,0,0,0,0,0,0,0,0,0,0,0,0
2017,126,HOT SP FK COLLOWASH RV,0,0,0,0,0,0,0,0,0,0,0,0,0
2017,126,HOT SP FK COLLOWASH RV,0,0,0,0,0,0,0,0,0,0,0,0,0
2017,129,CRABTREE CR (SANTIAM R),0,0,0,0,0,0,0,0,0,0,0,0,0
2017,129,CRABTREE CR (SANTIAM R),0,0,0,0,0,0,0,0,0,0,0,0,0
2017,130,DEEP CR (CLACK R),7,0,0,0,0,0,0,0,0,0,0,0,7
2017,130,DEEP CR (CLACK R),0,0,0,0,0,0,0,0,0,0,0,0,0
2017,131,"DESCHUTES R BELOW
SHERARS FALLS",0,0,0,0,0,0,0,0,0,0,0,0,0
2017,131,"DESCHUTES R BELOW
SHERARS FALLS",7,0,0,0,0,0,34,365,561,345,7,20,1339
2017,132,EAGLE CR (CLACK R),47,54,0,0,0,0,0,0,0,0,0,0,101
2017,132,EAGLE CR (CLACK R),0,0,0,0,0,0,0,0,0,0,0,0,0
2017,133,EAGLE CR (COLUMBIA R),0,0,0,0,0,0,0,0,0,0,0,0,0
2017,133,EAGLE CR (COLUMBIA R),0,0,0,0,0,0,0,0,0,0,0,0,0
2017,134,FALL CR (WILLAMETTE R),0,0,0,0,0,0,0,0,0,0,0,0,0
2017,134,FALL CR (WILLAMETTE R),0,0,0,0,0,0,0,0,0,0,0,0,0
2017,135,FIFTEEN MILE CR,0,0,0,0,0,0,0,0,0,0,0,0,0
2017,135,FIFTEEN MILE CR,0,0,0,0,0,0,0,0,0,0,0,0,0
2017,136,FOSTER RESERVOIR,0,0,0,0,0,0,0,0,0,0,0,0,0
2017,136,FOSTER RESERVOIR,0,0,0,0,0,0,0,0,0,0,0,0,0
2017,137,GALES CR (TUALATIN R),0,0,0,0,0,0,0,0,0,0,0,0,0
2017,137,GALES CR (TUALATIN R),0,0,0,0,0,0,0,0,0,0,0,0,0
2017,138,GNAT CR,41,7,0,0,0,0,0,0,0,0,0,81,129
2017,138,GNAT CR,0,0,0,0,0,7,0,0,0,0,0,0,7
2017,139,MOSBY CR. (WILL R CST FK),0,0,0,0,0,0,0,0,0,0,0,0,0
2017,139,MOSBY CR. (WILL R CST FK),0,0,0,0,0,0,0,0,0,0,0,0,0
2017,140,HERMAN CR (COL R),7,0,0,7,0,0,0,0,0,0,0,0,13
2017,140,HERMAN CR (COL R),0,0,0,0,0,0,0,0,20,0,0,0,20
2017,141,LOST CR (WILL R MID FK),0,0,0,0,0,0,0,0,0,0,0,0,0
2017,141,LOST CR (WILL R MID FK),0,0,0,0,0,0,0,0,7,0,0,0,7
2017,142,E FK HOOD,0,0,0,0,0,0,0,0,0,0,0,0,0
2017,142,E FK HOOD,0,0,0,0,0,0,0,0,0,0,0,0,0
2017,143,W FK HOOD,0,0,0,0,0,0,0,0,0,0,0,0,0
2017,143,W FK HOOD,0,0,0,0,0,0,0,0,0,0,0,0,0
2017,144,IMNAHA R,0,0,0,0,0,0,0,0,0,0,0,0,0
2017,144,IMNAHA R,0,0,14,0,0,0,0,0,0,61,20,0,95
2017,146,MID FK JOHN DAY,0,0,0,0,0,0,0,0,0,0,0,0,0
2017,146,MID FK JOHN DAY,0,0,0,0,0,0,0,0,0,0,0,0,0
2017,147,N FK JOHN DAY,0,0,0,0,0,0,0,0,0,0,0,0,0
2017,147,N FK JOHN DAY,0,0,0,0,0,0,0,0,0,0,0,0,0
2017,148,JOHNSON CR (WILL R),7,0,0,0,0,0,0,0,0,0,0,0,7
2017,148,JOHNSON CR (WILL R),0,0,0,0,0,0,0,0,0,0,0,0,0
2017,149,"BIG SHEEP CR-MOUTH TO
LITTLE SHEEP CR",0,0,0,0,0,0,0,0,0,0,0,0,0
2017,149,"BIG SHEEP CR-MOUTH TO
LITTLE SHEEP CR",0,0,0,0,0,0,0,0,0,0,0,0,0
2017,150,KNAPPA/BLIND SLOUGHS,0,0,0,0,0,0,0,0,0,0,0,0,0
2017,150,KNAPPA/BLIND SLOUGHS,0,0,0,0,0,0,0,0,0,0,0,0,0
2017,151,KLASKANINE R,0,7,0,0,0,0,0,0,0,0,0,7,14
2017,151,KLASKANINE R,0,0,0,0,0,0,0,7,0,0,0,0,7
2017,152,N FK KLASKANINE,88,7,0,0,0,0,0,0,0,0,0,34,129
2017,152,N FK KLASKANINE,0,0,0,0,0,0,0,0,0,0,0,0,0
2017,153,S FK KLASKANINE,7,0,0,0,0,0,0,0,0,0,0,0,7
2017,153,S FK KLASKANINE,0,0,0,0,0,0,0,0,0,0,0,0,0
2017,154,LEWIS & CLARK R,0,0,7,0,0,0,0,0,0,0,0,0,7
2017,154,LEWIS & CLARK R,0,0,0,0,0,0,0,0,0,0,0,0,0
2017,155,"MCKENZIE R (BELOW LEABURG
DAM)",0,0,0,0,0,0,0,0,0,0,0,0,0
2017,155,"MCKENZIE R (BELOW LEABURG
DAM)",14,0,0,0,0,14,14,14,41,34,7,14,149
2017,156,"LUCKIAMUTE & LITTLE
LUCKIAMUTE R",0,0,0,0,0,0,0,0,0,0,0,0,0
2017,156,"LUCKIAMUTE & LITTLE
LUCKIAMUTE R",0,0,0,0,0,0,0,0,0,0,0,0,0
2017,157,MARYS R,0,0,0,0,0,0,0,0,0,0,0,0,0
2017,157,MARYS R,0,0,0,0,0,0,0,0,0,0,0,0,0
2017,158,"MCKENZIE R (ABOVE LEABURG
DAM)",0,0,0,0,0,0,0,0,0,0,0,0,0
2017,158,"MCKENZIE R (ABOVE LEABURG
DAM)",0,0,0,0,0,0,0,0,0,0,0,0,0
2017,159,MILL CR (MARION CO),0,0,0,0,0,0,0,0,0,0,0,0,0
2017,159,MILL CR (MARION CO),0,0,0,0,0,0,0,0,0,0,0,0,0
2017,161,MILL CR (YAMHILL CO),0,0,0,0,0,0,0,0,0,0,0,0,0
2017,161,MILL CR (YAMHILL CO),0,0,0,0,0,0,0,0,0,0,0,0,0
2017,162,MILTON CR (COL CO),0,0,0,0,0,0,0,0,0,0,0,0,0
2017,162,MILTON CR (COL CO),0,0,0,0,0,0,0,0,0,0,0,0,0
2017,164,MOLALLA R,0,3,0,0,0,0,0,0,0,0,0,0,3
2017,164,MOLALLA R,0,4,0,0,0,0,0,0,0,0,0,0,4
2017,165,RICKREALL CR,0,7,0,0,0,0,7,0,0,0,0,0,14
2017,165,RICKREALL CR,0,0,0,0,0,0,0,0,0,0,0,0,0
2017,166,PUDDING R,0,0,0,0,0,0,0,0,0,0,0,0,0
2017,166,PUDDING R,0,0,0,0,0,0,0,0,0,0,0,0,0
2017,167,SALMON R (SANDY R),0,0,0,0,0,0,0,0,0,0,0,0,0
2017,167,SALMON R (SANDY R),0,0,0,0,0,0,0,0,0,0,0,0,0
2017,168,"SANDY R FROM MOUTH TO
REVENUE BRIDGE",237,291,96,11,19,4,0,0,0,0,11,81,750
2017,168,"SANDY R FROM MOUTH TO
REVENUE BRIDGE",0,0,5,3,28,77,74,14,20,34,3,0,258
2017,169,SANTIAM R,7,0,0,5,0,0,0,0,0,0,0,0,12
2017,169,SANTIAM R,0,0,0,2,0,6,0,0,0,0,0,0,8
2017,170,N FK SANTIAM,7,7,0,0,3,0,0,0,0,0,0,0,17
2017,170,N FK SANTIAM,0,0,0,0,4,6,0,14,0,0,0,0,24
2017,171,LITTLE N FK SANTIAM,0,0,0,0,0,0,0,0,0,0,0,0,0
2017,171,LITTLE N FK SANTIAM,0,0,0,0,0,0,0,0,0,0,0,0,0
2017,172,S FK SANTIAM,0,0,0,0,3,3,0,0,0,0,0,0,6
2017,172,S FK SANTIAM,0,0,0,0,4,58,27,7,7,0,0,0,102
2017,173,SCAPPOOSE CR,0,0,0,0,0,0,0,0,0,0,0,0,0
2017,173,SCAPPOOSE CR,0,0,0,0,0,0,0,0,0,0,0,0,0
2017,174,N FK SCAPPOOSE,0,0,0,0,0,0,0,0,0,0,0,0,0
2017,174,N FK SCAPPOOSE,0,0,0,0,0,0,0,0,0,0,0,0,0
2017,175,S FK SCAPPOOSE,0,0,0,0,0,0,0,0,0,0,0,0,0
2017,175,S FK SCAPPOOSE,0,0,0,0,0,0,0,0,0,0,0,0,0
2017,176,SNAKE R,0,0,0,0,0,0,0,0,0,0,0,0,0
2017,176,SNAKE R,34,27,14,0,0,0,0,0,0,101,95,156,426
2017,177,SUCKER CR,0,0,0,0,0,0,0,0,0,0,0,0,0
2017,177,SUCKER CR,0,0,0,0,0,0,0,0,0,0,0,0,0
2017,178,TANNER CR,0,0,0,0,0,0,0,0,0,0,0,0,0
2017,178,TANNER CR,0,0,0,0,0,0,7,0,0,0,0,0,7
2017,179,THOMAS CR (SANT),0,0,0,0,0,0,0,0,0,0,0,0,0
2017,179,THOMAS CR (SANT),0,0,0,0,0,0,0,0,0,0,0,0,0
2017,180,TUALATIN R,0,0,0,0,0,0,0,0,0,0,0,0,0
2017,180,TUALATIN R,0,0,0,0,0,0,0,0,0,0,0,0,0
2017,181,UMATILLA R,0,0,0,0,0,0,0,0,0,0,0,0,0
2017,181,UMATILLA R,0,0,0,0,0,0,0,0,0,0,0,0,0
2017,182,WALLA WALLA R,0,0,0,0,0,0,0,0,0,0,0,0,0
2017,182,WALLA WALLA R,0,0,0,0,0,0,0,0,0,0,0,0,0
2017,183,SPRINGFIELD MILL RACE,0,0,0,0,0,0,0,0,0,0,0,0,0
2017,183,SPRINGFIELD MILL RACE,0,0,0,0,0,0,0,0,0,0,0,0,0
2017,184,WENAHA R,0,0,0,0,0,0,0,0,0,0,0,0,0
2017,184,WENAHA R,0,0,0,0,0,0,0,0,0,0,0,0,0
2017,185,"WILLAMETTE R & SLOUGH
BELOW OR CITY FLLS",41,74,69,76,8,0,0,0,0,0,0,41,309
2017,185,"WILLAMETTE R & SLOUGH
BELOW OR CITY FLLS",0,0,12,93,154,95,27,0,14,0,0,0,395
2017,186,"WILLAMETTE R ABOVE OR CITY
FALLS",7,7,0,0,2,0,0,0,0,0,0,0,15
2017,186,"WILLAMETTE R ABOVE OR CITY
FALLS",0,0,0,0,5,68,7,7,0,14,0,0,100
2017,187,ALTON BAKER CANOE CANAL,0,0,0,0,0,0,0,0,0,0,0,0,0
2017,187,ALTON BAKER CANOE CANAL,0,0,7,0,0,0,0,0,0,0,0,0,7
2017,188,MID FK WILL,0,0,1,1,1,0,0,0,0,0,0,0,3
2017,188,MID FK WILL,7,6,6,6,12,20,101,7,14,68,20,20,288
2017,189,WILLAMINA CR,0,0,0,0,0,0,0,0,0,0,0,0,0
2017,189,WILLAMINA CR,0,0,0,0,0,0,0,0,0,0,0,0,0
2017,190,YAMHILL R,0,0,0,0,0,0,0,0,0,0,0,0,0
2017,190,YAMHILL R,0,0,0,0,0,0,0,0,0,0,0,0,0
2017,191,N FK YAMHILL,0,0,0,0,0,0,0,0,0,0,0,0,0
2017,191,N FK YAMHILL,0,0,0,0,0,0,0,0,0,0,0,0,0
2017,192,S FK YAMHILL,0,0,0,0,0,0,0,0,0,0,0,0,0
2017,192,S FK YAMHILL,0,0,0,0,0,0,0,0,0,0,0,0,0
2017,193,YOUNGS R & BAY,0,0,0,0,0,0,0,0,0,0,0,0,0
2017,193,YOUNGS R & BAY,0,0,0,0,0,0,0,0,0,0,0,0,0
2017,195,SILVER CR,0,0,0,0,0,0,0,0,0,0,0,0,0
2017,195,SILVER CR,0,0,0,0,0,0,0,0,0,0,0,0,0
2017,200,UPPER ROGUE RIVER,0,0,0,0,0,0,0,0,0,0,0,0,0
2017,200,UPPER ROGUE RIVER,0,0,0,0,0,0,0,0,0,0,0,0,0
2017,202,"CLACKAMAS R SYSTEM ABOVE
NO FK DAM",0,0,0,0,0,0,0,0,0,0,0,0,0
2017,202,"CLACKAMAS R SYSTEM ABOVE
NO FK DAM",0,0,0,0,0,0,0,0,0,0,0,0,0
2017,203,"DESCHUTES R ABOVE
SHERARS FALLS",0,0,0,0,0,0,0,0,0,0,0,0,0
2017,203,"DESCHUTES R ABOVE
SHERARS FALLS",0,0,0,0,0,0,0,7,54,149,47,41,298
2017,205,"SANDY R FROM REVENUE
BRIDGE TO SALMON R",0,0,14,5,0,0,0,0,0,0,2,7,28
2017,205,"SANDY R FROM REVENUE
BRIDGE TO SALMON R",0,0,0,1,0,0,0,0,7,0,5,0,13
2017,208,JOHN DAY ARM,0,0,0,0,0,0,0,0,0,0,0,0,0
2017,208,JOHN DAY ARM,0,0,0,0,0,0,0,0,0,0,20,0,20
2017,209,L FALL CR (WILLAMETTE),0,0,1,0,0,0,0,0,0,0,0,0,1
2017,209,L FALL CR (WILLAMETTE),0,0,6,0,0,0,0,0,0,0,0,0,6
2017,210,COAST FK WILL,0,0,0,0,0,0,0,0,0,0,0,0,0
2017,210,COAST FK WILL,0,0,0,0,0,0,0,0,0,0,0,0,0
2017,211,"COLUMBIA R MAINSTEM--BUOY
10 TO TONGUE PT",0,0,0,0,0,0,0,0,0,0,0,7,7
2017,211,"COLUMBIA R MAINSTEM--BUOY
10 TO TONGUE PT",0,0,0,0,0,0,0,47,7,0,0,0,54
2017,212,"COLUMBIA R MAINSTEM--
TONGUE PT TO LONGVIEW BRIDGE",0,0,20,142,0,0,0,0,0,0,0,0,162
2017,212,"COLUMBIA R MAINSTEM--
TONGUE PT TO LONGVIEW BRIDGE",0,0,0,0,7,142,156,0,0,0,0,0,304
2017,213,"COLUMBIA R MAINSTEM--
LONGVIEW BRIDGE TO I-5
BRIDGE",14,0,7,54,0,0,0,0,0,0,7,7,88
2017,213,"COLUMBIA R MAINSTEM--
LONGVIEW BRIDGE TO I-5
BRIDGE",0,0,0,0,0,41,41,7,61,14,0,0,162
2017,214,"COLUMBIA R MAINSTEM--I-5
BRIDGE TO BONNEVILLE DAM",0,0,0,0,0,0,0,0,0,0,0,7,7
2017,214,"COLUMBIA R MAINSTEM--I-5
BRIDGE TO BONNEVILLE DAM",0,0,0,0,0,14,27,7,34,7,0,0,88
2017,215,"COLUMBIA R MAINSTEM--
BONNEVILLE DAM TO THE DALLES",0,0,0,0,0,0,0,0,0,0,0,0,0
2017,215,"COLUMBIA R MAINSTEM--
BONNEVILLE DAM TO THE DALLES",0,0,0,0,0,0,27,0,88,14,7,0,135
2017,216,"COLUMBIA R MAINSTEM--THE
DALLES DAM TO JOHN DAY DAM",0,0,0,0,0,0,0,0,0,0,0,0,0
2017,216,"COLUMBIA R MAINSTEM--THE
DALLES DAM TO JOHN DAY DAM",27,14,0,0,0,0,0,61,7,54,0,0,162
2017,217,COLUMBIA R MAINSTEM--JOHN DAY DAM TO MCNARY DAM,0,0,0,0,0,0,0,0,0,0,0,0,0
2017,217,COLUMBIA R MAINSTEM--JOHN DAY DAM TO MCNARY DAM,0,0,7,7,0,0,0,0,0,0,68,7,88
2017,218,"COLUMBIA R MAINSTEM--
MCNARY DAM TO STATELINE",0,0,0,0,0,0,0,0,0,0,0,0,0
2017,218,"COLUMBIA R MAINSTEM--
MCNARY DAM TO STATELINE",14,41,0,0,0,0,0,0,81,7,0,54,196
2017,220,LONG TOM,0,0,0,0,0,0,0,0,0,0,0,0,0
2017,220,LONG TOM,0,0,0,0,0,0,0,0,0,0,0,0,0
2017,221,ROW R,0,0,0,0,0,0,0,0,0,0,0,0,0
2017,221,ROW R,0,0,0,0,0,0,7,0,0,0,0,0,7
2017,222,WILEY CR (S SANTIAM),0,0,0,7,0,0,0,0,0,0,0,0,7
2017,222,WILEY CR (S SANTIAM),0,0,0,0,0,0,0,0,0,7,0,0,7
2017,223,BLUE R (MCKENZIE),0,0,0,0,0,0,0,0,0,0,0,0,0
2017,223,BLUE R (MCKENZIE),0,0,0,0,0,0,0,0,0,0,0,0,0
2017,229,HOOD R,5,26,61,34,4,0,0,0,0,0,0,3,132
2017,229,HOOD R,2,1,7,34,9,0,0,14,7,0,0,4,78
2017,230,"HOOD R ABOVE POWERDALE
DAM",0,0,0,0,0,0,0,0,0,0,0,0,0
2017,230,"HOOD R ABOVE POWERDALE
DAM",0,0,0,0,0,0,0,0,0,0,0,0,0
2017,231,"GRANDE RONDE R FROM
STATELINE TO WILDCAT BRIDGE",0,0,0,0,0,0,0,0,0,0,0,0,0
2017,231,"GRANDE RONDE R FROM
STATELINE TO WILDCAT BRIDGE",14,0,7,0,0,0,0,0,0,41,176,68,304
2017,232,"GRANDE RONDE R FROM
WILDCAT BRIDGE TO ISLAND CITY BRIDGE",0,0,0,0,0,0,0,0,0,0,0,0,0
2017,232,"GRANDE RONDE R FROM
WILDCAT BRIDGE TO ISLAND CITY BRIDGE",0,0,0,0,0,0,0,0,0,41,41,7,88
2017,233,"GRANDE RONDE R ABOVE
ISLAND CITY BRIDGE",0,0,0,0,0,0,0,0,0,0,0,0,0
2017,233,"GRANDE RONDE R ABOVE
ISLAND CITY BRIDGE",0,0,0,0,0,0,0,0,0,0,0,0,0
2017,234,"WALLOWA R MOUTH TO MINAM
STATE PARK",0,0,0,0,0,0,0,0,0,0,0,0,0
2017,234,"WALLOWA R MOUTH TO MINAM
STATE PARK",0,14,54,0,0,0,0,0,0,7,27,27,129
2017,235,"WALLOWA R ABOVE MINAM
STATE PARK",0,0,0,0,0,0,0,0,0,0,0,0,0
2017,235,"WALLOWA R ABOVE MINAM
STATE PARK",14,41,61,0,0,0,0,0,0,0,7,88,210
2017,236,"UMATILLA R BELOW THREE-
MILE DAM",0,0,0,0,0,0,0,0,0,0,0,0,0
2017,236,"UMATILLA R BELOW THREE-
MILE DAM",0,0,7,0,0,0,0,0,0,0,14,7,27
2017,237,UMATILLA R ABOVE NOLIN,0,0,0,0,0,0,0,0,0,0,0,0,0
2017,237,UMATILLA R ABOVE NOLIN,0,0,0,0,0,0,0,0,0,7,7,0,14
2017,238,"JOHN DAY R BELOW
COTTONWOOD BRIDGE",0,0,0,0,0,0,0,0,0,0,0,0,0
2017,238,"JOHN DAY R BELOW
COTTONWOOD BRIDGE",0,0,0,0,0,0,0,0,14,20,47,0,81
2017,239,"JOHN DAY R ABOVE
COTTONWOOD BRIDGE",0,0,0,0,0,0,0,0,0,0,0,0,0
2017,239,"JOHN DAY R ABOVE
COTTONWOOD BRIDGE",0,0,0,0,0,0,0,0,0,0,0,0,0
2017,241,LOOKINGGLASS CR,0,0,0,0,0,0,0,0,0,0,0,0,0
2017,241,LOOKINGGLASS CR,7,0,0,0,0,0,0,0,0,0,0,0,7
2017,242,POWDER R,0,0,0,0,0,0,0,0,0,0,0,0,0
2017,242,POWDER R,0,0,0,0,0,0,0,0,0,0,0,0,0
2017,243,"UMATILLA R THREE-MILE DAM
TO NOLIN",0,0,0,0,0,0,0,0,0,0,0,0,0
2017,243,"UMATILLA R THREE-MILE DAM
TO NOLIN",0,0,0,0,0,0,0,0,0,0,0,0,0
2017,244,SANDY R ABOVE SALMON R,0,0,7,0,0,0,0,0,0,0,0,0,7
2017,244,SANDY R ABOVE SALMON R,0,0,0,0,0,0,0,0,0,0,0,0,0
2017,245,"CLACK R.-CARVER BR. TO
BAKERS FERRY RD",68,61,26,14,31,4,0,0,0,0,0,7,209
2017,245,"CLACK R.-CARVER BR. TO
BAKERS FERRY RD",0,0,1,6,57,71,0,7,20,0,0,0,163
2017,246,"CLACK R-BAKERS FERRY RD
TO RVR MILL DAM",95,108,103,62,17,4,0,0,0,0,0,7,394
2017,246,"CLACK R-BAKERS FERRY RD
TO RVR MILL DAM",0,0,5,26,31,71,34,20,20,20,0,0,228
2017,247,"CLACK R-RIVER MILL DAM TO
CAZADERO DAM",0,20,39,0,19,5,0,0,0,0,0,0,83
2017,247,"CLACK R-RIVER MILL DAM TO
CAZADERO DAM",0,0,2,0,35,96,20,14,7,27,0,0,201
2017,250,JOHN DAY R (CLATSOP CTY),0,0,0,0,0,0,0,0,0,0,0,0,0
2017,250,JOHN DAY R (CLATSOP CTY),0,0,0,0,0,0,0,0,0,0,0,0,0
2018,112,ABERNATHY CR (CLACK R),0,0,0,0,0,0,0,0,0,0,0,0,0
2018,112,ABERNATHY CR (CLACK R),0,0,0,0,0,0,0,0,0,0,0,0,0
2018,113,ABIQUA CR (PUDDING R),0,0,0,0,0,0,0,0,0,0,0,0,0
2018,113,ABIQUA CR (PUDDING R),0,0,0,0,0,0,0,0,0,0,0,0,0
2018,114,BEAR CR (CLATSOP CO),0,0,0,0,0,0,0,0,0,0,0,0,0
2018,114,BEAR CR (CLATSOP CO),0,0,0,0,0,0,0,0,0,0,0,0,0
2018,115,BEAVER CR (COL CO),0,0,0,0,0,0,0,0,0,0,0,0,0
2018,115,BEAVER CR (COL CO),0,0,0,0,0,0,0,0,0,0,0,0,0
2018,116,BIG CR (CLATSOP CO),166,44,0,0,0,0,0,0,0,0,0,11,221
2018,116,BIG CR (CLATSOP CO),0,0,0,0,0,0,11,0,0,0,0,0,11
2018,117,BULLRUN R,0,0,0,0,0,0,0,0,0,0,0,0,0
2018,117,BULLRUN R,0,0,0,0,0,0,0,0,0,0,0,0,0
2018,118,BUTTE CR (PUDDING R),0,0,0,0,0,0,0,0,0,0,0,0,0
2018,118,BUTTE CR (PUDDING R),0,0,0,0,0,0,0,0,0,0,0,0,0
2018,119,CALAPOOIA R,0,0,0,0,0,0,0,0,0,0,0,0,0
2018,119,CALAPOOIA R,0,0,0,0,0,0,0,0,0,0,0,0,0
2018,120,CATHERINE CR,0,0,0,0,0,0,0,0,0,0,0,0,0
2018,120,CATHERINE CR,0,0,0,0,0,0,0,0,0,0,0,0,0
2018,122,"CLACKAMAS R BELOW CARVER
BRIDGE",133,100,137,23,4,4,0,0,0,0,0,11,411
2018,122,"CLACKAMAS R BELOW CARVER
BRIDGE",0,0,7,10,7,74,0,33,11,33,0,0,176
2018,123,CLATSKANIE R,0,0,0,0,0,0,0,0,0,0,0,0,0
2018,123,CLATSKANIE R,0,0,0,0,0,0,0,0,0,0,0,0,0
2018,124,CLEAR CR (CLACK R),0,0,0,0,0,0,0,0,0,0,0,0,0
2018,124,CLEAR CR (CLACK R),0,0,0,0,0,0,0,0,0,0,0,0,0
2018,125,COLLOWASH RIVER,0,0,0,0,0,0,0,0,0,0,0,0,0
2018,125,COLLOWASH RIVER,0,0,0,0,0,0,0,0,0,0,0,0,0
2018,126,HOT SP FK COLLOWASH RV,0,0,0,0,0,0,0,0,0,0,0,0,0
2018,126,HOT SP FK COLLOWASH RV,0,0,0,0,0,0,0,0,0,11,22,0,33
2018,129,CRABTREE CR (SANTIAM R),0,0,0,0,0,0,0,0,0,0,0,0,0
2018,129,CRABTREE CR (SANTIAM R),0,0,0,0,0,0,0,0,0,0,0,0,0
2018,130,DEEP CR (CLACK R),0,0,0,0,0,0,0,0,0,0,0,0,0
2018,130,DEEP CR (CLACK R),0,0,0,0,0,0,0,0,0,0,0,0,0
2018,131,"DESCHUTES R BELOW
SHERARS FALLS",0,0,0,0,0,0,0,0,0,0,0,0,0
2018,131,"DESCHUTES R BELOW
SHERARS FALLS",22,11,0,0,11,33,100,575,664,243,33,0,"1,693"
2018,132,EAGLE CR (CLACK R),11,0,0,0,0,0,0,0,0,0,0,0,11
2018,132,EAGLE CR (CLACK R),0,0,0,0,0,0,0,0,0,0,0,0,0
2018,133,EAGLE CR (COLUMBIA R),0,0,0,0,0,0,0,0,0,0,0,0,0
2018,133,EAGLE CR (COLUMBIA R),0,0,0,0,0,0,0,0,0,0,0,0,0
2018,134,FALL CR (WILLAMETTE R),0,0,0,0,0,0,0,0,0,0,0,0,0
2018,134,FALL CR (WILLAMETTE R),0,0,0,0,0,0,0,0,0,0,0,0,0
2018,135,FIFTEEN MILE CR,0,0,0,0,0,0,0,0,0,0,0,0,0
2018,135,FIFTEEN MILE CR,0,0,0,0,0,0,0,0,0,0,0,0,0
2018,136,FOSTER RESERVOIR,0,0,0,0,0,0,0,0,0,0,0,0,0
2018,136,FOSTER RESERVOIR,0,0,0,0,0,0,0,0,0,0,0,0,0
2018,137,GALES CR (TUALATIN R),0,0,0,0,0,0,0,0,0,0,0,0,0
2018,137,GALES CR (TUALATIN R),0,0,0,0,0,0,0,0,0,0,0,0,0
2018,138,GNAT CR,144,33,0,0,0,0,0,0,0,0,0,11,188
2018,138,GNAT CR,0,0,0,0,0,0,0,0,0,0,0,0,0
2018,139,MOSBY CR. (WILL R CST FK),0,0,0,0,0,0,0,0,0,0,0,0,0
2018,139,MOSBY CR. (WILL R CST FK),0,0,0,0,0,0,0,0,0,0,0,0,0
2018,140,HERMAN CR (COL R),0,0,0,0,0,0,0,0,0,0,0,0,0
2018,140,HERMAN CR (COL R),0,0,0,0,0,0,0,44,0,0,0,0,44
2018,141,LOST CR (WILL R MID FK),0,0,0,1,0,0,0,0,0,0,0,0,1
2018,141,LOST CR (WILL R MID FK),0,0,0,10,0,0,0,0,0,0,0,0,10
2018,142,E FK HOOD,0,0,0,0,0,0,0,0,0,0,0,0,0
2018,142,E FK HOOD,0,0,0,0,0,0,0,0,0,0,0,0,0
2018,143,W FK HOOD,0,0,0,0,0,0,0,0,0,0,0,0,0
2018,143,W FK HOOD,0,0,0,0,0,0,0,0,0,0,0,0,0
2018,144,IMNAHA R,0,0,0,0,0,0,0,0,0,0,0,0,0
2018,144,IMNAHA R,0,0,11,0,0,0,0,0,0,22,0,0,33
2018,146,MID FK JOHN DAY,0,0,0,0,0,0,0,0,0,0,0,0,0
2018,146,MID FK JOHN DAY,0,0,0,0,0,0,11,0,0,0,0,0,11
2018,147,N FK JOHN DAY,0,0,0,0,0,0,0,0,0,0,0,0,0
2018,147,N FK JOHN DAY,0,0,11,0,0,0,0,0,0,0,0,0,11
2018,148,JOHNSON CR (WILL R),0,0,0,0,0,0,0,0,0,0,0,0,0
2018,148,JOHNSON CR (WILL R),0,0,0,0,0,0,0,0,0,0,0,0,0
2018,149,"BIG SHEEP CR-MOUTH TO
LITTLE SHEEP CR",0,0,0,0,0,0,0,0,0,0,0,0,0
2018,149,"BIG SHEEP CR-MOUTH TO
LITTLE SHEEP CR",0,0,0,0,0,0,0,0,0,0,0,0,0
2018,150,KNAPPA/BLIND SLOUGHS,0,0,0,0,0,0,0,0,0,0,0,0,0
2018,150,KNAPPA/BLIND SLOUGHS,0,0,0,0,0,0,0,0,0,0,0,0,0
2018,151,KLASKANINE R,0,0,0,0,0,0,0,0,0,0,0,0,0
2018,151,KLASKANINE R,0,0,0,0,0,0,0,0,0,0,0,0,0
2018,152,N FK KLASKANINE,221,11,0,0,0,0,0,0,0,0,0,0,232
2018,152,N FK KLASKANINE,0,0,0,0,0,0,0,0,0,0,0,0,0
2018,153,S FK KLASKANINE,11,0,0,0,0,0,0,0,0,0,0,0,11
2018,153,S FK KLASKANINE,0,0,0,0,0,0,0,0,0,0,0,0,0
2018,154,LEWIS & CLARK R,0,0,0,0,0,0,0,0,0,0,0,0,0
2018,154,LEWIS & CLARK R,0,0,0,0,0,0,0,0,0,0,0,0,0
2018,155,"MCKENZIE R (BELOW LEABURG
DAM)",0,0,0,0,0,0,0,0,0,0,0,0,0
2018,155,"MCKENZIE R (BELOW LEABURG
DAM)",11,0,0,11,55,77,199,133,100,133,44,0,764
2018,156,"LUCKIAMUTE & LITTLE
LUCKIAMUTE R",0,0,0,0,0,0,0,0,11,0,0,0,11
2018,156,"LUCKIAMUTE & LITTLE
LUCKIAMUTE R",0,0,0,0,0,0,0,0,0,0,0,0,0
2018,157,MARYS R,0,0,0,0,0,0,0,0,0,0,0,0,0
2018,157,MARYS R,0,0,0,0,0,0,0,0,0,0,0,0,0
2018,158,"MCKENZIE R (ABOVE LEABURG
DAM)",0,0,0,0,0,0,0,0,0,0,0,0,0
2018,158,"MCKENZIE R (ABOVE LEABURG
DAM)",0,0,0,0,0,0,0,44,89,33,0,0,166
2018,159,MILL CR (MARION CO),0,0,0,0,0,0,0,0,0,0,0,0,0
2018,159,MILL CR (MARION CO),0,0,0,0,0,0,0,0,0,0,0,0,0
2018,161,MILL CR (YAMHILL CO),0,0,0,0,0,0,0,0,0,0,0,0,0
2018,161,MILL CR (YAMHILL CO),0,0,0,0,0,0,0,0,0,0,0,0,0
2018,162,MILTON CR (COL CO),0,0,0,0,0,0,0,0,0,0,0,0,0
2018,162,MILTON CR (COL CO),0,0,0,0,0,0,0,0,0,0,0,0,0
2018,164,MOLALLA R,0,0,2,0,0,0,0,0,0,0,0,0,2
2018,164,MOLALLA R,0,0,9,0,0,0,0,0,0,0,11,0,20
2018,165,RICKREALL CR,0,0,0,0,0,0,0,0,0,0,0,0,0
2018,165,RICKREALL CR,0,0,0,0,0,0,0,0,0,0,0,0,0
2018,166,PUDDING R,0,0,0,0,0,0,0,0,0,0,0,0,0
2018,166,PUDDING R,0,0,0,0,0,0,0,11,0,0,0,0,11
2018,167,SALMON R (SANDY R),0,0,0,0,0,0,0,0,0,0,0,0,0
2018,167,SALMON R (SANDY R),0,0,0,0,0,0,0,0,0,0,0,0,0
2018,168,"SANDY R FROM MOUTH TO
REVENUE BRIDGE",564,520,179,53,44,7,0,0,0,0,0,44,"1,412"
2018,168,"SANDY R FROM MOUTH TO
REVENUE BRIDGE",0,0,9,13,66,126,33,33,66,77,0,0,426
2018,169,SANTIAM R,11,0,0,0,0,0,0,0,0,0,0,0,11
2018,169,SANTIAM R,0,0,0,0,0,0,0,0,22,0,0,0,22
2018,170,N FK SANTIAM,0,0,0,0,18,7,0,0,0,0,0,0,25
2018,170,N FK SANTIAM,0,0,0,0,27,137,33,0,0,0,0,0,196
2018,171,LITTLE N FK SANTIAM,0,0,0,0,0,0,0,0,0,0,0,0,0
2018,171,LITTLE N FK SANTIAM,0,0,0,0,0,0,0,0,0,0,0,0,0
2018,172,S FK SANTIAM,11,0,0,0,58,24,0,0,0,0,6,0,98
2018,172,S FK SANTIAM,0,0,0,0,86,452,133,66,33,0,6,0,776
2018,173,SCAPPOOSE CR,0,0,0,0,0,0,0,0,0,0,0,0,0
2018,173,SCAPPOOSE CR,0,0,0,0,0,0,0,0,0,0,0,0,0
2018,174,N FK SCAPPOOSE,0,0,0,0,0,0,0,0,0,0,0,0,0
2018,174,N FK SCAPPOOSE,0,0,0,0,0,0,0,0,0,0,0,0,0
2018,175,S FK SCAPPOOSE,0,0,0,0,0,0,0,0,0,0,0,0,0
2018,175,S FK SCAPPOOSE,0,0,0,0,0,0,0,0,0,0,0,0,0
2018,176,SNAKE R,0,0,0,0,0,0,0,0,0,0,0,0,0
2018,176,SNAKE R,100,11,55,0,0,0,11,0,0,89,66,33,365
2018,177,SUCKER CR,0,0,0,0,0,0,0,0,0,0,0,0,0
2018,177,SUCKER CR,0,0,0,0,0,0,0,0,0,0,0,0,0
2018,178,TANNER CR,21,0,0,0,0,0,0,0,0,0,0,0,21
2018,178,TANNER CR,1,0,0,0,0,0,0,11,0,0,0,0,12
2018,179,THOMAS CR (SANT),0,0,0,0,0,0,0,0,0,0,0,0,0
2018,179,THOMAS CR (SANT),0,0,0,0,0,0,0,0,0,0,0,0,0
2018,180,TUALATIN R,0,0,0,0,0,0,0,0,0,0,0,0,0
2018,180,TUALATIN R,0,0,0,0,0,0,0,0,0,0,0,0,0
2018,181,UMATILLA R,0,0,0,0,0,0,0,0,0,0,0,0,0
2018,181,UMATILLA R,0,0,0,0,0,0,0,0,0,0,0,0,0
2018,182,WALLA WALLA R,0,0,0,0,0,0,0,0,0,0,0,0,0
2018,182,WALLA WALLA R,0,0,0,0,0,0,0,0,0,0,0,0,0
2018,183,SPRINGFIELD MILL RACE,0,0,0,0,0,0,0,0,0,0,0,0,0
2018,183,SPRINGFIELD MILL RACE,0,0,0,0,0,0,0,0,0,0,0,0,0
2018,184,WENAHA R,0,0,0,0,0,0,0,0,0,0,0,0,0
2018,184,WENAHA R,0,0,0,0,0,0,0,0,0,0,0,0,0
2018,185,"WILLAMETTE R & SLOUGH
BELOW OR CITY FLLS",55,66,103,110,17,0,0,0,0,0,22,0,374
2018,185,"WILLAMETTE R & SLOUGH
BELOW OR CITY FLLS",0,0,18,134,315,100,33,0,44,55,0,0,700
2018,186,"WILLAMETTE R ABOVE OR CITY
FALLS",0,0,0,8,6,0,0,0,0,0,0,17,30
2018,186,"WILLAMETTE R ABOVE OR CITY
FALLS",0,0,0,3,17,55,55,155,221,166,22,17,712
2018,187,ALTON BAKER CANOE CANAL,0,0,0,0,0,0,0,0,0,0,0,0,0
2018,187,ALTON BAKER CANOE CANAL,0,0,0,0,0,0,0,0,0,0,0,0,0
2018,188,MID FK WILL,0,2,0,2,4,1,0,0,0,0,0,0,10
2018,188,MID FK WILL,11,42,0,20,40,121,155,66,166,255,354,155,"1,384"
2018,189,WILLAMINA CR,0,0,0,0,0,0,0,0,0,0,0,0,0
2018,189,WILLAMINA CR,0,0,0,0,0,0,0,0,0,0,0,0,0
2018,190,YAMHILL R,0,0,0,0,0,0,0,0,0,0,0,0,0
2018,190,YAMHILL R,0,0,0,0,0,0,0,0,0,0,0,0,0
2018,191,N FK YAMHILL,0,0,0,0,0,0,0,0,0,0,0,0,0
2018,191,N FK YAMHILL,0,0,0,0,0,0,0,0,0,0,0,0,0
2018,192,S FK YAMHILL,0,0,0,0,0,0,0,0,0,0,0,0,0
2018,192,S FK YAMHILL,0,0,0,0,0,0,0,0,0,0,0,0,0
2018,193,YOUNGS R & BAY,0,0,0,0,0,0,0,0,0,0,0,0,0
2018,193,YOUNGS R & BAY,0,0,0,0,0,0,0,0,0,0,0,0,0
2018,195,SILVER CR,0,0,0,0,0,0,0,0,0,0,0,0,0
2018,195,SILVER CR,0,0,0,0,0,0,0,0,0,0,0,0,0
2018,200,UPPER ROGUE RIVER,0,0,0,0,0,0,0,0,0,0,0,0,0
2018,200,UPPER ROGUE RIVER,0,0,0,0,0,0,0,0,0,0,0,0,0
2018,202,"CLACKAMAS R SYSTEM ABOVE
NO FK DAM",0,0,0,0,0,0,0,0,0,0,0,0,0
2018,202,"CLACKAMAS R SYSTEM ABOVE
NO FK DAM",0,0,0,0,0,0,0,0,0,0,0,0,0
2018,203,"DESCHUTES R ABOVE
SHERARS FALLS",0,0,0,0,0,0,0,0,0,0,0,0,0
2018,203,"DESCHUTES R ABOVE
SHERARS FALLS",44,0,0,0,0,0,0,11,55,100,133,66,409
2018,205,"SANDY R FROM REVENUE
BRIDGE TO SALMON R",22,0,0,0,0,0,0,0,0,0,3,0,25
2018,205,"SANDY R FROM REVENUE
BRIDGE TO SALMON R",0,0,0,0,0,0,0,11,0,0,8,0,19
2018,208,JOHN DAY ARM,0,0,0,0,0,0,0,0,0,0,0,0,0
2018,208,JOHN DAY ARM,0,0,0,0,0,0,0,0,0,0,0,0,0
2018,209,L FALL CR (WILLAMETTE),0,1,1,0,0,0,0,0,0,0,0,0,2
2018,209,L FALL CR (WILLAMETTE),0,11,10,0,0,0,0,0,0,0,0,0,20
2018,210,COAST FK WILL,0,0,0,0,0,0,0,0,0,0,0,0,0
2018,210,COAST FK WILL,0,0,0,0,0,0,0,0,0,0,0,0,0
2018,211,"COLUMBIA R MAINSTEM--BUOY
10 TO TONGUE PT",0,0,0,0,0,0,0,0,0,0,0,0,0
2018,211,"COLUMBIA R MAINSTEM--BUOY
10 TO TONGUE PT",0,0,0,0,0,0,0,22,0,0,0,0,22
2018,212,"COLUMBIA R MAINSTEM--
TONGUE PT TO LONGVIEW BRIDGE",0,66,11,44,0,0,0,0,0,0,0,0,122
2018,212,"COLUMBIA R MAINSTEM--
TONGUE PT TO LONGVIEW BRIDGE",0,0,0,0,199,421,299,66,0,0,0,0,985
2018,213,"COLUMBIA R MAINSTEM--
LONGVIEW BRIDGE TO I-5
BRIDGE",0,22,66,22,0,0,0,0,0,0,0,0,111
2018,213,"COLUMBIA R MAINSTEM--
LONGVIEW BRIDGE TO I-5
BRIDGE",0,0,0,0,55,188,188,66,22,0,0,0,520
2018,214,"COLUMBIA R MAINSTEM--I-5
BRIDGE TO BONNEVILLE DAM",0,0,0,11,0,0,0,0,0,0,0,0,11
2018,214,"COLUMBIA R MAINSTEM--I-5
BRIDGE TO BONNEVILLE DAM",0,0,0,0,11,11,277,177,0,11,0,0,487
2018,215,"COLUMBIA R MAINSTEM--
BONNEVILLE DAM TO THE DALLES",0,0,0,0,0,0,0,0,0,0,0,0,0
2018,215,"COLUMBIA R MAINSTEM--
BONNEVILLE DAM TO THE DALLES",0,0,0,0,0,11,144,77,0,0,0,0,232
2018,216,"COLUMBIA R MAINSTEM--THE
DALLES DAM TO JOHN DAY DAM",0,0,0,0,0,0,0,0,0,0,0,0,0
2018,216,"COLUMBIA R MAINSTEM--THE
DALLES DAM TO JOHN DAY DAM",0,0,0,0,0,0,0,33,0,0,0,0,33
2018,217,COLUMBIA R MAINSTEM--JOHN DAY DAM TO MCNARY DAM,0,0,0,0,0,0,0,0,0,0,0,0,0
2018,217,COLUMBIA R MAINSTEM--JOHN DAY DAM TO MCNARY DAM,0,0,0,0,0,0,11,11,11,0,0,0,33
2018,218,"COLUMBIA R MAINSTEM--
MCNARY DAM TO STATELINE",0,0,0,0,0,0,0,0,0,0,0,0,0
2018,218,"COLUMBIA R MAINSTEM--
MCNARY DAM TO STATELINE",11,22,0,0,0,0,0,0,0,0,0,0,33
2018,220,LONG TOM,0,0,0,0,0,0,0,0,0,0,0,0,0
2018,220,LONG TOM,0,0,0,0,0,0,0,0,0,0,0,0,0
2018,221,ROW R,0,0,0,0,0,0,0,0,0,0,0,0,0
2018,221,ROW R,0,0,0,0,0,0,0,0,0,0,0,11,11
2018,222,WILEY CR (S SANTIAM),0,0,0,0,0,0,0,0,0,0,0,0,0
2018,222,WILEY CR (S SANTIAM),0,0,0,0,0,0,0,0,0,0,0,0,0
2018,223,BLUE R (MCKENZIE),0,0,0,0,0,0,0,0,0,0,0,0,0
2018,223,BLUE R (MCKENZIE),0,0,0,0,0,0,0,0,0,0,0,0,0
2018,229,HOOD R,23,63,149,72,10,0,0,0,0,0,0,4,322
2018,229,HOOD R,10,3,17,72,23,11,0,0,0,0,0,7,143
2018,230,"HOOD R ABOVE POWERDALE
DAM",0,0,0,0,0,0,0,0,0,0,0,0,0
2018,230,"HOOD R ABOVE POWERDALE
DAM",0,0,0,0,0,0,0,0,0,0,0,0,0
2018,231,"GRANDE RONDE R FROM
STATELINE TO WILDCAT BRIDGE",0,0,0,0,0,0,0,0,0,0,0,0,0
2018,231,"GRANDE RONDE R FROM
STATELINE TO WILDCAT BRIDGE",11,0,22,0,0,0,0,0,0,55,66,11,166
2018,232,"GRANDE RONDE R FROM
WILDCAT BRIDGE TO ISLAND CITY BRIDGE",0,0,0,0,0,0,0,0,0,0,0,0,0
2018,232,"GRANDE RONDE R FROM
WILDCAT BRIDGE TO ISLAND CITY BRIDGE",0,0,22,0,0,0,0,0,0,0,0,11,33
2018,233,"GRANDE RONDE R ABOVE
ISLAND CITY BRIDGE",0,0,0,0,0,0,0,0,0,0,0,0,0
2018,233,"GRANDE RONDE R ABOVE
ISLAND CITY BRIDGE",0,0,0,0,0,0,0,0,0,0,0,0,0
2018,234,"WALLOWA R MOUTH TO MINAM
STATE PARK",0,0,0,0,0,0,0,0,0,0,0,0,0
2018,234,"WALLOWA R MOUTH TO MINAM
STATE PARK",89,89,89,0,0,0,0,0,0,0,0,0,266
2018,235,"WALLOWA R ABOVE MINAM
STATE PARK",0,0,0,0,0,0,0,0,0,0,0,0,0
2018,235,"WALLOWA R ABOVE MINAM
STATE PARK",199,188,232,122,0,0,0,0,0,0,0,0,741
2018,236,"UMATILLA R BELOW THREE-
MILE DAM",0,0,0,0,0,0,0,0,0,0,0,0,0
2018,236,"UMATILLA R BELOW THREE-
MILE DAM",0,0,0,0,0,0,0,0,0,0,0,0,0
2018,237,UMATILLA R ABOVE NOLIN,0,0,0,0,0,0,0,0,0,0,0,0,0
2018,237,UMATILLA R ABOVE NOLIN,0,22,0,0,0,0,0,0,0,0,0,0,22
2018,238,"JOHN DAY R BELOW
COTTONWOOD BRIDGE",0,0,0,0,0,0,0,0,0,0,0,0,0
2018,238,"JOHN DAY R BELOW
COTTONWOOD BRIDGE",0,0,0,0,0,0,0,0,0,0,44,0,44
2018,239,"JOHN DAY R ABOVE
COTTONWOOD BRIDGE",0,0,0,0,0,0,0,0,0,0,0,0,0
2018,239,"JOHN DAY R ABOVE
COTTONWOOD BRIDGE",0,0,0,0,0,0,0,0,0,22,0,0,22
2018,241,LOOKINGGLASS CR,0,0,0,0,0,0,0,0,0,0,0,0,0
2018,241,LOOKINGGLASS CR,0,0,0,0,0,0,0,0,0,0,0,0,0
2018,242,POWDER R,0,0,0,0,0,0,0,0,0,0,0,0,0
2018,242,POWDER R,0,0,0,0,0,0,0,0,0,0,0,0,0
2018,243,"UMATILLA R THREE-MILE DAM
TO NOLIN",0,0,0,0,0,0,0,0,0,0,0,0,0
2018,243,"UMATILLA R THREE-MILE DAM
TO NOLIN",0,0,0,0,0,0,0,0,0,0,0,0,0
2018,244,SANDY R ABOVE SALMON R,0,0,0,0,0,0,0,0,0,0,0,0,0
2018,244,SANDY R ABOVE SALMON R,0,0,0,0,0,0,0,0,0,0,0,0,0
2018,245,"CLACK R.-CARVER BR. TO
BAKERS FERRY RD",33,89,74,8,19,3,0,0,0,0,0,0,226
2018,245,"CLACK R.-CARVER BR. TO
BAKERS FERRY RD",0,0,4,3,36,63,11,22,133,11,0,0,283
2018,246,"CLACK R-BAKERS FERRY RD
TO RVR MILL DAM",66,0,21,23,8,12,0,0,0,0,18,32,180
2018,246,"CLACK R-BAKERS FERRY RD
TO RVR MILL DAM",0,0,1,10,14,221,66,77,166,100,4,1,661
2018,247,"CLACK R-RIVER MILL DAM TO
CAZADERO DAM",0,22,84,0,35,6,0,0,0,0,27,11,184
2018,247,"CLACK R-RIVER MILL DAM TO
CAZADERO DAM",0,0,4,0,65,105,77,33,11,11,7,0,314
2018,250,JOHN DAY R (CLATSOP CTY),0,0,0,0,0,0,0,0,0,0,0,0,0
2018,250,JOHN DAY R (CLATSOP CTY),0,0,0,0,0,0,0,0,0,0,0,0,0
2018,,,,,,,,,,,,,,,
